owner,repo,lastUpdated,numCommits,totalTimeToCompute
Alexander-MacDonald,test-repo,2023-10-31T23:59:29Z,6,6198.057413101196
twbs,bootstrap,2023-11-02T08:53:09Z,22614,7636.327028274536
EbookFoundation,free-programming-books,2023-11-05T19:16:40Z,9026,7468.326091766357
facebook,react,2023-11-02T20:13:21Z,16069,7070.882320404053
d3,d3,2023-11-03T15:11:27Z,4478,7105.044603347778
getify,You-Dont-Know-JS,2023-07-17T21:42:00Z,1893,6517.538547515869
tensorflow,tensorflow,2023-11-05T17:08:44Z,155879,6166.054010391235
sindresorhus,awesome,2023-10-26T14:59:56Z,1115,6349.688768386841
vuejs,vue,2023-10-23T07:55:40Z,3561,5712.940216064453
angular,angular.js,2022-04-12T15:48:22Z,9073,7516.664266586304
robbyrussell,oh-my-zsh,2023-11-01T20:24:28Z,7044,8942.67725944519
airbnb,javascript,2023-08-21T14:43:54Z,1964,7490.443229675293
github,gitignore,2022-12-18T19:57:19Z,3528,5631.018161773682
FortAwesome,Font-Awesome,2023-08-02T20:27:06Z,14,6449.089288711548
facebook,react-native,2023-11-04T07:04:33Z,29612,7140.215873718262
electron,electron,2023-11-03T19:37:55Z,27815,7783.503532409668
torvalds,linux,2023-11-05T19:02:32Z,1231859,11232.77497291565
jquery,jquery,2023-11-01T23:48:50Z,6649,7264.651775360107
jwasham,coding-interview-university,2023-11-03T23:50:57Z,2407,5983.5169315338135
moby,moby,2023-11-04T12:27:17Z,47971,7674.073934555054
daneden,animate.css,2022-07-29T14:42:47Z,662,7647.488594055176
apple,swift,2023-11-06T00:20:32Z,160739,9506.174087524414
atom,atom,2022-11-22T16:11:57Z,38533,7362.488508224487
meteor,meteor,2023-10-31T15:05:35Z,34036,6937.165975570679
h5bp,html5-boilerplate,2023-11-01T17:39:47Z,2509,7326.229572296143
nodejs,node,2023-11-05T09:43:08Z,40125,7736.277103424072
nodejs,node-v0.x-archive,2017-08-12T23:42:43Z,2,6242.114782333374
rails,rails,2023-11-05T21:51:15Z,89643,7032.787084579468
Semantic-Org,Semantic-UI,2023-01-11T17:05:32Z,6747,6179.5408725738525
vinta,awesome-python,2023-07-13T15:37:08Z,1644,5943.161964416504
hakimel,reveal.js,2023-10-30T06:37:05Z,3078,6968.047142028809
socketio,socket.io,2023-10-11T08:45:59Z,2001,5552.395820617676
mrdoob,three.js,2023-11-05T21:26:12Z,42343,7239.68505859375
laravel,laravel,2023-11-02T13:49:26Z,6927,6783.082962036133
expressjs,express,2023-04-11T12:31:47Z,5779,4076.2054920196533
reactjs,redux,2023-11-02T20:43:00Z,3815,7455.874919891357
moment,moment,2022-07-06T16:00:01Z,3980,7117.809534072876
impress,impress.js,2023-10-31T23:13:40Z,414,6375.556468963623
nwjs,nw.js,2023-11-02T23:07:04Z,5065,7701.711654663086
jlevy,the-art-of-command-line,2023-07-12T21:40:23Z,1218,7540.257692337036
chartjs,Chart.js,2023-10-30T12:48:10Z,4477,7427.393198013306
google,material-design-icons,2023-10-27T03:56:26Z,230,5986.654758453369
jakubroztocil,httpie,2023-10-24T17:23:30Z,1774,8628.7682056427
ionic-team,ionic,2023-11-03T14:37:45Z,13289,10512.747764587402
jekyll,jekyll,2023-11-03T22:22:00Z,11695,3593.799352645874
Microsoft,vscode,2023-11-04T15:52:22Z,115506,6552.409648895264
webpack,webpack,2023-10-13T22:27:32Z,16343,7642.999649047852
resume,resume.github.com,2016-08-05T05:37:30Z,263,6002.671718597412
AFNetworking,AFNetworking,2023-01-17T19:30:02Z,2944,6622.581720352173
golang,go,2023-11-05T16:48:15Z,58387,7758.296489715576
facebookincubator,create-react-app,2023-06-14T20:58:56Z,2802,5415.030241012573
Homebrew,legacy-homebrew,2019-01-23T20:36:53Z,63882,6506.91294670105
nvbn,thefuck,2023-07-30T20:22:37Z,1650,5916.075944900513
h5bp,Front-end-Developer-Interview-Questions,2023-11-01T17:48:30Z,972,6190.996408462524
pallets,flask,2023-10-28T15:42:53Z,5180,6774.531126022339
NARKOZ,hacker-scripts,2022-08-07T07:31:46Z,150,6856.0614585876465
google,material-design-lite,2017-06-27T21:19:00Z,2872,4537.145137786865
adobe,brackets,2021-03-18T13:52:19Z,17847,7104.048013687134
Dogfalo,materialize,2020-06-01T16:39:49Z,3878,6194.911479949951
blueimp,jQuery-File-Upload,2021-09-25T09:57:16Z,1265,7314.817667007446
rg3,youtube-dl,2023-09-24T21:00:13Z,18782,9263.030767440796
necolas,normalize.css,2018-11-05T02:29:43Z,360,7390.994548797607
gulpjs,gulp,2022-12-19T18:02:08Z,1198,6940.727949142456
callemall,material-ui,2023-11-05T01:22:00Z,23247,9217.84782409668
jashkenas,backbone,2023-08-10T22:05:08Z,3506,5380.008935928345
django,django,2023-11-03T15:28:04Z,32127,6777.905225753784
yarnpkg,yarn,2022-09-05T18:54:11Z,2353,7701.3914585113525
requests,requests,2023-10-18T06:08:52Z,6199,9824.753999710083
zurb,foundation-sites,2023-08-18T13:09:54Z,17268,8696.551084518433
angular,angular,2023-11-03T20:40:09Z,28447,8042.729139328003
ReactiveX,RxJava,2023-10-22T09:22:14Z,6055,6143.427610397339
chrislgarry,Apollo-11,2023-10-02T18:41:01Z,541,7050.52638053894
kubernetes,kubernetes,2023-11-04T16:19:13Z,119764,7690.157175064087
lodash,lodash,2023-09-27T17:00:44Z,8013,6852.478265762329
Alamofire,Alamofire,2023-10-26T19:47:55Z,1612,6164.754629135132
antirez,redis,2023-11-05T12:20:15Z,11890,8544.65627670288
wasabeef,awesome-android-ui,2022-08-18T07:56:29Z,459,6316.999912261963
ansible,ansible,2023-11-02T22:28:06Z,54103,8357.590913772583
getlantern,lantern,2023-02-20T11:32:28Z,6168,7446.359872817993
josephmisiti,awesome-machine-learning,2023-10-30T15:31:36Z,1902,7231.263875961304
kamranahmedse,developer-roadmap,2023-11-05T17:14:06Z,3831,5869.783401489258
papers-we-love,papers-we-love,2023-09-04T21:57:07Z,867,7025.65598487854
elastic,elasticsearch,2023-11-04T19:29:36Z,73070,4744.745492935181
Trinea,android-open-project,2022-12-13T14:54:58Z,958,5892.464876174927
neovim,neovim,2023-11-05T18:23:16Z,27524,7232.160568237305
Microsoft,TypeScript,2023-11-05T06:23:37Z,35327,6538.498163223267
nylas,nylas-mail,2018-06-03T22:26:00Z,6116,7055.274963378906
ReactTraining,react-router,2023-10-31T20:41:43Z,6299,9094.06065940857
TryGhost,Ghost,2023-11-03T16:04:27Z,37201,7808.845043182373
johnpapa,angular-styleguide,2017-12-02T22:25:19Z,1136,7674.391984939575
typicode,json-server,2023-10-23T23:33:52Z,876,7040.448427200317
ariya,phantomjs,2020-07-13T15:08:08Z,1958,7454.231739044189
open-source-society,computer-science,2023-11-03T04:34:27Z,1017,8438.621759414673
tiimgreen,github-cheat-sheet,2023-10-15T14:26:25Z,507,7455.557823181152
rust-lang,rust,2023-11-05T21:44:24Z,238029,8992.621898651123
square,retrofit,2023-11-02T02:48:31Z,2000,7349.075794219971
discourse,discourse,2023-11-06T00:57:02Z,51631,7833.862543106079
firehol,netdata,2023-11-06T00:17:51Z,16662,7082.876682281494
dypsilon,frontend-dev-bookmarks,2018-03-22T21:14:48Z,390,8194.196224212646
mzabriskie,axios,2023-10-26T21:14:41Z,1475,7598.63805770874
avelino,awesome-go,2023-06-22T02:44:51Z,4647,7235.451221466064
caolan,async,2023-11-03T22:11:40Z,1904,7502.22110748291
babel,babel,2023-11-05T07:51:22Z,16089,6949.486017227173
tastejs,todomvc,2023-10-30T23:31:55Z,2916,6640.272617340088
minimaxir,big-list-of-naughty-strings,2021-04-17T19:05:45Z,273,5959.441184997559
scrapy,scrapy,2023-11-03T09:02:18Z,10189,5131.500482559204
jashkenas,underscore,2023-09-27T14:01:37Z,2833,4266.6473388671875
harvesthq,chosen,2022-09-26T21:24:39Z,1287,7219.470739364624
lukehoban,es6features,2016-07-24T04:51:37Z,109,7057.73663520813
Modernizr,Modernizr,2023-10-21T17:33:42Z,2618,6666.750907897949
square,okhttp,2023-10-30T07:39:41Z,5470,7368.67094039917
select2,select2,2023-03-10T02:35:43Z,2654,6929.462909698486
vsouza,awesome-ios,2023-10-31T21:32:17Z,6359,7415.596008300781
adam-p,markdown-here,2018-09-30T13:17:46Z,807,7082.792282104492
sahat,hackathon-starter,2023-10-29T14:30:43Z,2640,6777.488231658936
enaqx,awesome-react,2023-10-19T09:42:13Z,1980,7763.040781021118
creationix,nvm,2023-11-03T04:10:09Z,2161,8921.736478805542
iluwatar,java-design-patterns,2023-10-28T08:41:41Z,3564,5468.803644180298
prakhar1989,awesome-courses,2022-11-12T13:05:10Z,554,7038.105487823486
gogits,gogs,2023-11-02T03:06:24Z,5944,8131.693124771118
Unitech,pm2,2023-04-13T07:48:44Z,4998,5615.990877151489
alvarotrigo,fullPage.js,2023-05-29T14:30:19Z,2155,6978.815317153931
gitlabhq,gitlabhq,2023-11-06T00:09:48Z,111528,8079.090118408203
karan,Projects,2020-11-24T15:54:29Z,182,6884.292364120483
scikit-learn,scikit-learn,2023-11-04T17:26:44Z,30599,5108.921766281128
googlesamples,android-architecture,2023-04-11T09:13:49Z,807,8595.72958946228
facebook,immutable-js,2023-08-28T15:32:53Z,1735,9136.166334152222
rethinkdb,rethinkdb,2023-10-15T23:23:45Z,33524,5253.729343414307
caesar0301,awesome-public-datasets,2023-09-03T15:07:38Z,771,7790.678024291992
joshbuchea,HEAD,2022-12-31T23:44:05Z,367,7210.915565490723
bayandin,awesome-awesomeness,2022-03-24T09:30:22Z,576,7119.539022445679
certbot,certbot,2023-11-01T18:36:29Z,10868,6366.796970367432
toddmotto,public-apis,2022-03-16T08:41:44Z,4525,6595.101118087769
Leaflet,Leaflet,2023-11-03T14:55:30Z,7733,7483.09850692749
ecomfe,echarts,2023-11-01T10:27:09Z,9179,8316.099882125854
BVLC,caffe,2020-02-13T07:20:36Z,4156,7397.809028625488
kenwheeler,slick,2023-04-19T10:51:53Z,925,5954.061508178711
justjavac,free-programming-books-zh_CN,2022-06-13T03:25:12Z,922,5889.931440353394
codepath,android_guides,2023-05-16T18:30:41Z,64,6252.379655838013
mozilla,pdf.js,2023-11-05T18:01:34Z,18171,5654.411792755127
FezVrasta,bootstrap-material-design,2021-05-21T09:34:21Z,1300,6277.795076370239
shadowsocks,shadowsocks,2015-08-22T02:45:55Z,1,6396.740913391113
google,protobuf,2023-11-04T13:26:13Z,16178,8993.641138076782
git,git,2023-11-02T08:09:48Z,71457,7862.180948257446
gohugoio,hugo,2023-11-02T08:50:18Z,7963,7053.909540176392
emberjs,ember.js,2023-10-30T18:43:51Z,22323,7026.417016983032
rs,SDWebImage,2023-10-27T09:37:09Z,3490,8404.810905456543
Polymer,polymer,2022-06-03T21:55:57Z,6878,7367.020845413208
zenorocha,clipboard.js,2022-12-10T15:13:04Z,396,6843.773126602173
facebook,pop,2018-10-11T22:12:26Z,310,8669.73328590393
sindresorhus,awesome-nodejs,2023-10-30T09:51:13Z,855,8257.05623626709
tensorflow,models,2023-11-03T19:54:50Z,9241,7835.570812225342
nvie,gitflow,2012-09-25T13:46:52Z,401,6500.643491744995
donnemartin,system-design-primer,2023-03-16T09:58:19Z,329,30563.94648551941
zeit,hyper,2023-10-31T07:29:04Z,3855,7930.359363555908
vuejs,awesome-vue,2023-10-24T14:59:29Z,5079,7608.45422744751
ReactiveCocoa,ReactiveCocoa,2023-06-15T17:32:33Z,8660,4632.687091827393
serverless,serverless,2023-10-23T14:09:30Z,15742,28103.061199188232
balderdashy,sails,2023-09-01T21:26:40Z,7174,5156.150341033936
plataformatec,devise,2023-10-13T14:56:48Z,3883,7342.294692993164
kamranahmedse,design-patterns-for-humans,2023-05-17T00:34:18Z,141,6989.563703536987
Prinzhorn,skrollr,2015-08-12T13:40:30Z,606,5562.664031982422
open-guides,og-aws,2022-08-24T15:10:40Z,1042,7294.343709945679
google,guava,2023-11-04T14:13:51Z,6237,6880.979537963867
herrbischoff,awesome-osx-command-line,2021-08-30T22:50:35Z,1,7448.296308517456
almasaeed2010,AdminLTE,2023-11-01T09:35:54Z,2587,9526.426315307617
numbbbbb,the-swift-programming-language-in-chinese,2023-04-12T03:03:01Z,2527,8332.818746566772
yahoo,pure,2023-10-23T13:06:18Z,909,7006.369829177856
mathiasbynens,dotfiles,2021-03-30T13:32:15Z,761,6436.415910720825
IanLunn,Hover,2022-10-11T20:18:07Z,132,6917.766809463501
fchollet,keras,2023-11-05T01:23:52Z,9934,8574.021100997925
hexojs,hexo,2023-11-02T15:57:26Z,3625,6725.967168807983
JakeWharton,butterknife,2020-09-04T02:00:12Z,1016,7275.1874923706055
videojs,video.js,2023-10-24T08:03:50Z,4005,6868.556976318359
google,web-starter-kit,2018-01-09T19:16:10Z,720,6772.058963775635
FallibleInc,security-guide-for-developers,2017-02-20T08:26:30Z,146,7267.288684844971
fastlane,fastlane,2023-10-31T12:42:32Z,16473,7356.48512840271
astaxie,build-web-application-with-golang,2022-09-10T14:22:24Z,5178,6862.951993942261
grafana,grafana,2023-11-03T22:32:06Z,46387,7305.8412075042725
Reactive-Extensions,RxJS,2017-07-18T20:17:11Z,2357,7301.6321659088135
jgthms,bulma,2023-10-17T17:21:34Z,1744,7074.608325958252
huginn,huginn,2023-07-23T14:28:17Z,3669,6829.894542694092
hammerjs,hammer.js,2019-05-28T17:49:24Z,1199,6946.020603179932
opencv,opencv,2023-11-03T12:42:43Z,33476,8311.485528945923
PhilJay,MPAndroidChart,2021-06-21T13:16:58Z,2070,5924.055576324463
syncthing,syncthing,2023-10-30T03:45:44Z,7273,6684.692621231079
Kickball,awesome-selfhosted,2023-11-04T11:17:29Z,6416,6401.715278625488
railsware,upterm,2019-05-20T17:42:14Z,2998,6556.4775466918945
bumptech,glide,2023-10-02T01:41:45Z,2943,6474.6434688568115
bevacqua,dragula,2020-09-29T16:21:52Z,366,6902.001619338989
t4t5,sweetalert,2022-03-13T19:29:22Z,363,6981.812477111816
koajs,koa,2023-10-31T13:09:26Z,1186,6595.272779464722
ripienaar,free-for-dev,2023-10-26T11:45:49Z,5445,7662.0543003082275
request,request,2020-02-11T23:39:46Z,2270,6776.607036590576
BradLarson,GPUImage,2016-05-26T15:29:42Z,1082,7241.055488586426
sdmg15,Best-websites-a-programmer-should-visit,2023-10-25T07:11:11Z,1169,6700.023174285889
ziadoz,awesome-php,2022-07-23T21:22:27Z,1567,7699.51605796814
aosabook,500lines,2017-02-11T13:21:44Z,3297,7435.943365097046
square,leakcanary,2023-10-11T19:56:57Z,2072,5983.629941940308
angular,material,2022-04-11T19:18:26Z,4949,6262.436151504517
GitbookIO,gitbook,2023-03-02T05:30:09Z,2379,7506.525993347168
photonstorm,phaser,2023-10-27T15:39:35Z,19050,7469.520330429077
JetBrains,kotlin,2023-11-05T15:39:25Z,105851,8006.28662109375
SamyPesse,How-to-Make-a-Computer-Operating-System,2015-10-29T19:04:29Z,243,6047.924041748047
verekia,js-stack-from-scratch,2022-11-01T03:50:36Z,569,6986.690282821655
usablica,intro.js,2023-08-14T19:46:16Z,1375,4965.420484542847
nostra13,Android-Universal-Image-Loader,2020-04-06T21:07:18Z,1038,6919.827461242676
ZuzooVn,machine-learning-for-software-engineers,2022-09-05T07:36:23Z,298,5807.813882827759
MaximAbramchuck,awesome-interview-questions,2021-11-16T18:45:23Z,449,8534.430503845215
ajaxorg,ace,2023-11-02T12:53:17Z,8628,4482.59425163269
postcss,postcss,2023-10-08T00:12:56Z,3979,7164.239406585693
bower,bower,2022-03-14T15:52:35Z,2792,7300.559520721436
VundleVim,Vundle.vim,2023-08-19T06:50:17Z,635,5297.276258468628
Tencent,weui,2023-11-01T09:54:45Z,703,6619.090557098389
defunkt,jquery-pjax,2017-05-23T11:21:39Z,508,7152.802228927612
kahun,awesome-sysadmin,2017-12-17T08:22:50Z,515,7562.318801879883
SnapKit,Masonry,2017-09-28T13:09:32Z,406,6736.004590988159
greenrobot,EventBus,2022-07-11T07:59:54Z,550,7071.410179138184
XX-net,XX-Net,2023-10-29T06:02:37Z,2558,7218.562126159668
pixijs,pixi.js,2023-10-20T15:22:14Z,6533,7791.683912277222
danielgindi,Charts,2023-08-22T03:15:31Z,1820,6721.636772155762
ftlabs,fastclick,2021-02-12T15:32:38Z,408,6705.767869949341
less,less.js,2023-09-14T23:27:20Z,2977,6724.855422973633
petkaantonov,bluebird,2022-12-07T09:51:27Z,2112,7091.10951423645
mitchellh,vagrant,2023-10-19T18:31:03Z,16661,6838.20915222168
SwiftyJSON,SwiftyJSON,2022-11-01T15:24:23Z,745,6373.910665512085
ryanmcdermott,clean-code-javascript,2023-02-11T17:28:23Z,546,6988.208293914795
symfony,symfony,2023-11-05T19:12:30Z,67102,4739.614009857178
github,fetch,2023-10-30T10:40:55Z,697,7253.673076629639
ant-design,ant-design,2023-11-05T09:07:50Z,26495,7582.366228103638
ApacheInfra,superset,2023-11-04T14:09:54Z,14122,7372.403621673584
lord,slate,2023-08-09T16:37:25Z,703,7557.8813552856445
pugjs,pug,2021-12-23T17:15:31Z,2572,7191.452264785767
spring-projects,spring-framework,2023-11-04T13:45:09Z,28454,7502.782344818115
bcit-ci,CodeIgniter,2023-04-07T17:57:13Z,10342,7782.52387046814
facebook,hhvm,2023-10-23T23:47:04Z,62262,8664.5987033844
alex,what-happens-when,2022-02-08T21:00:31Z,294,5953.800916671753
0xAX,linux-insides,2023-09-01T12:15:28Z,1913,7224.197864532471
kriasoft,react-starter-kit,2023-09-05T14:16:23Z,62,6424.997806549072
alibaba,weex,2023-08-23T10:57:34Z,12044,7098.257303237915
zeit,next.js,2023-11-05T23:23:20Z,18306,9341.665506362915
tonsky,FiraCode,2023-06-19T15:28:36Z,585,7131.359815597534
twitter,typeahead.js,2015-04-27T04:02:14Z,594,7176.219463348389
react-boilerplate,react-boilerplate,2019-04-18T17:48:40Z,1457,6549.302101135254
angular-ui,bootstrap,2017-10-14T16:35:22Z,2073,5553.654670715332
dhg,Skeleton,2014-12-29T18:29:28Z,167,6903.23805809021
FreeCodeCampChina,freecodecamp.cn,2020-01-22T11:01:21Z,8845,7295.14479637146
dimsemenov,PhotoSwipe,2023-09-29T08:29:41Z,721,6426.9373416900635
futurice,android-best-practices,2019-01-20T21:08:06Z,247,5938.362836837769
Valloric,YouCompleteMe,2023-10-06T13:40:12Z,3134,7080.60884475708
zxing,zxing,2023-10-30T15:11:25Z,3754,7758.245944976807
isocpp,CppCoreGuidelines,2023-10-12T21:04:18Z,2128,7374.3836879730225
jashkenas,coffeescript,2023-09-19T15:59:28Z,4908,5686.556100845337
jcjohnson,neural-style,2017-04-15T20:57:25Z,169,7030.864715576172
facebook,flux,2023-03-21T23:35:18Z,506,8416.988849639893
ElemeFE,element,2023-08-24T13:38:00Z,4609,19918.32661628723
racaljk,hosts,2023-08-24T13:38:00Z,749909,478.0547618865967
twbs,ratchet,2016-03-21T09:30:08Z,1401,8002.533912658691
quilljs,quill,2023-11-02T15:41:19Z,5469,7719.537973403931
coreos,etcd,2023-11-05T17:47:10Z,20486,8456.362009048462
Bilibili,ijkplayer,2021-04-26T08:51:20Z,2627,6948.353052139282
rstacruz,nprogress,2020-04-19T00:52:31Z,209,6019.762277603149
dokku,dokku,2023-11-03T08:19:25Z,9537,6942.421197891235
bitcoin,bitcoin,2023-11-05T18:18:57Z,39247,8499.403715133667
webtorrent,webtorrent,2023-11-04T21:38:29Z,3486,7602.08535194397
tornadoweb,tornado,2023-11-02T01:48:50Z,4678,8441.824436187744
square,picasso,2023-11-02T21:04:13Z,1651,6330.103158950806
parse-community,parse-server,2023-10-25T18:32:58Z,4302,6767.9479122161865
dkhamsing,open-source-ios-apps,2023-11-05T14:54:25Z,7241,7828.712224960327
spring-projects,spring-boot,2023-11-05T21:37:02Z,46099,8101.18842124939
airbnb,lottie-android,2023-11-03T20:18:23Z,1539,8736.51671409607
google,iosched,2023-01-05T14:41:43Z,3139,6193.568229675293
limetext,lime,2021-01-02T13:10:46Z,1104,6773.028373718262
soimort,you-get,2023-07-25T21:42:57Z,2515,7088.833570480347
jdg,MBProgressHUD,2020-11-25T12:57:02Z,683,5498.624563217163
kriskowal,q,2021-09-15T14:47:43Z,902,6050.386905670166
tobiasahlin,SpinKit,2020-02-10T13:10:15Z,262,5990.786075592041
jaywcjlove,awesome-mac,2023-11-05T01:54:12Z,1952,7241.510391235352
reddit,reddit,2017-10-14T17:16:04Z,7956,8781.086921691895
angular-ui,ui-router,2023-04-18T10:18:36Z,2121,7191.020727157593
jondot,awesome-react-native,2021-04-25T09:11:59Z,2193,7297.815561294556
apache,spark,2023-11-05T17:07:07Z,38673,6218.069553375244
Thibaut,devdocs,2023-10-24T19:34:54Z,5231,8765.158414840698
chjj,marked,2023-11-02T04:35:05Z,3197,10326.952457427979
knsv,mermaid,2023-11-02T11:05:01Z,8849,9724.047183990479
juliangarnier,anime,2023-10-24T16:54:34Z,740,6584.850788116455
designmodo,Flat-UI,2022-01-24T15:32:58Z,246,5975.750684738159
julianshapiro,velocity,2020-08-02T07:10:02Z,895,7224.7748374938965
akullpp,awesome-java,2023-10-28T11:41:21Z,1652,6218.603610992432
raywenderlich,swift-algorithm-club,2022-01-06T01:33:55Z,2534,1012907.9587459564
postcss,autoprefixer,2023-09-20T21:20:57Z,2624,6783.004522323608
getsentry,sentry,2023-11-05T14:25:42Z,60925,7016.852378845215
angular,angular-seed,2018-11-15T14:05:18Z,207,5977.585554122925
npm,npm,2020-08-07T14:31:17Z,8342,7584.956645965576
facebook,fresco,2023-11-03T23:54:54Z,3711,7581.537961959839
hubotio,hubot,2023-11-05T21:06:55Z,2262,6802.481412887573
domnikl,DesignPatternsPHP,2023-09-28T07:03:55Z,1293,9814.038515090942
ReactiveX,RxAndroid,2023-09-05T10:55:00Z,547,7209.214448928833
rwaldron,idiomatic.js,2021-05-14T16:34:12Z,504,7345.068454742432
mholt,caddy,2023-11-01T17:17:02Z,1808,8616.961240768433
nolimits4web,Swiper,2023-10-26T10:56:32Z,3581,5656.77809715271
madrobby,zepto,2020-01-10T16:29:53Z,1517,7087.018013000488
mochajs,mocha,2023-11-01T16:18:16Z,3604,6754.543781280518
Automattic,mongoose,2023-11-05T17:17:01Z,20226,7523.929834365845
wg,wrk,2021-02-05T23:39:55Z,80,7437.958002090454
ggreer,the_silver_searcher,2020-12-17T01:09:07Z,2057,5649.961948394775
jlmakes,scrollreveal,2023-03-18T03:02:47Z,950,6060.0011348724365
jasmine,jasmine,2023-10-15T00:38:30Z,2676,7036.112308502197
cheeriojs,cheerio,2023-11-05T12:32:38Z,2802,4700.7622718811035
bbatsov,ruby-style-guide,2023-11-04T21:47:53Z,1005,8719.701766967773
enyo,dropzone,2022-04-02T16:01:52Z,1000,9609.388828277588
CamDavidsonPilon,Probabilistic-Programming-and-Bayesian-Methods-for-Hackers,2023-02-14T00:18:43Z,1119,6637.489795684814
segmentio,nightmare,2023-08-02T16:40:11Z,994,7349.292278289795
RocketChat,Rocket.Chat,2023-11-03T20:31:58Z,24500,7593.6455726623535
kripken,emscripten,2023-11-06T01:35:02Z,26241,5646.086692810059
ruby,ruby,2023-11-05T11:42:13Z,80754,8885.947942733765
interagent,http-api-design,2021-11-18T02:57:59Z,131,7140.336275100708
facebook,flow,2023-11-03T22:17:42Z,16782,7938.317537307739
matteocrippa,awesome-swift,2023-11-01T12:35:36Z,3931,7099.541664123535
standard,standard,2023-10-07T05:32:35Z,1985,7233.4887981414795
braydie,HowToBeAProgrammer,2021-07-02T16:23:12Z,378,7125.692844390869
php,php-src,2023-11-05T13:06:50Z,133916,10327.99768447876
songrotek,Deep-Learning-Papers-Reading-Roadmap,2022-02-07T08:21:30Z,114,8185.558795928955
fouber,blog,2018-12-19T03:52:49Z,94,6486.144542694092
twbs,bootstrap-sass,2023-06-05T20:06:07Z,1041,7106.236219406128
HubSpot,pace,2022-07-15T15:37:27Z,446,7484.466552734375
wycats,handlebars.js,2020-10-08T17:19:54Z,2044,6683.657646179199
syl20bnr,spacemacs,2023-11-03T05:01:21Z,12683,6232.160806655884
riot,riot,2023-10-06T22:21:26Z,3855,6270.979166030884
codemirror,CodeMirror,2023-10-27T08:34:12Z,7159,6387.28404045105
dotnet,corefx,2020-02-01T06:09:40Z,4,6414.519786834717
aymericdamien,TensorFlow-Examples,2021-10-23T08:03:00Z,250,6252.521991729736
ipader,SwiftGuide,2023-04-05T09:09:08Z,568,7140.750885009766
desandro,masonry,2018-07-04T18:01:15Z,451,6532.499313354492
naptha,tesseract.js,2023-10-30T00:00:26Z,768,6561.290264129639
libgdx,libgdx,2023-11-03T17:11:22Z,15290,6036.313056945801
PerfectlySoft,Perfect,2021-02-08T16:46:35Z,805,7167.979717254639
mongodb,mongo,2023-09-17T18:35:45Z,76200,8247.231721878052
legomushroom,mojs,2023-10-27T20:57:12Z,1860,7818.811893463135
faif,python-patterns,2023-01-27T22:41:14Z,830,7179.200649261475
kennethreitz,python-guide,2023-03-13T16:45:51Z,2319,7346.089124679565
prettier,prettier,2023-11-04T15:59:03Z,8841,7398.300409317017
kilimchoi,engineering-blogs,2022-10-28T14:42:10Z,1717,7319.972991943359
facebookarchive,AsyncDisplayKit,2018-01-03T00:16:43Z,4163,7661.874294281006
ipython,ipython,2023-10-31T10:22:08Z,26753,6921.553134918213
ccgus,fmdb,2023-10-31T18:09:45Z,629,5519.8163986206055
MostlyAdequate,mostly-adequate-guide,2021-08-18T07:06:05Z,853,7283.5564613342285
wagerfield,parallax,2022-05-09T06:15:57Z,167,7046.767950057983
etsy,statsd,2023-08-22T12:52:19Z,1038,8431.236982345581
storybooks,storybook,2023-11-05T16:57:11Z,54069,8341.012477874756
Microsoft,CNTK,2022-09-23T14:06:50Z,16117,8691.126585006714
oneuijs,You-Dont-Need-jQuery,2023-04-13T03:37:43Z,626,6305.783987045288
gruntjs,grunt,2023-10-31T04:23:36Z,1529,7313.42887878418
node-inspector,node-inspector,2018-01-31T01:47:01Z,621,5382.6539516448975
drduh,macOS-Security-and-Privacy-Guide,2023-10-15T23:31:32Z,596,7206.851482391357
sindresorhus,awesome-electron,2023-10-16T19:46:22Z,560,7198.732852935791
puikinsh,gentelella,2023-02-09T13:37:56Z,458,7672.903776168823
astaxie,beego,2020-12-13T11:36:23Z,3994,7240.231275558472
textmate,textmate,2021-10-12T19:39:21Z,5757,4083.035469055176
altercation,solarized,2018-04-02T16:05:15Z,374,7038.666009902954
diaspora,diaspora,2023-10-16T13:21:31Z,20867,7214.640855789185
bolshchikov,js-must-watch,2022-01-20T09:29:27Z,132,7046.23556137085
tesseract-ocr,tesseract,2023-11-01T10:49:04Z,6287,7066.270112991333
DefinitelyTyped,DefinitelyTyped,2023-11-05T21:18:27Z,85186,8362.872123718262
caskroom,homebrew-cask,2023-11-05T23:42:05Z,196157,7187.624931335449
ionic-team,ionicons,2023-10-10T17:37:32Z,631,5497.448205947876
remy,nodemon,2023-11-02T09:59:34Z,1326,4934.10849571228
fzaninotto,Faker,2020-12-11T09:59:14Z,2632,6685.051918029785
substack,node-browserify,2023-10-21T07:13:09Z,2291,7942.561149597168
jiahaog,nativefier,2023-09-29T13:45:16Z,1287,8713.784217834473
Blankj,AndroidUtilCode,2022-10-26T15:35:40Z,1430,6365.734815597534
h5bp,Effeckt.css,2019-03-01T16:28:55Z,432,6495.213508605957
adobe-fonts,source-code-pro,2023-10-18T07:15:40Z,39,6477.88405418396
scottjehl,Respond,2017-01-27T06:50:19Z,278,6006.73246383667
terryum,awesome-deep-learning-papers,2018-10-19T07:28:41Z,168,7137.100458145142
realm,realm-cocoa,2023-10-30T11:27:46Z,12257,9019.90032196045
influxdata,influxdb,2023-11-02T12:16:13Z,49152,7746.330261230469
MengTo,Spring,2019-08-14T18:39:12Z,254,5952.19874382019
github,hub,2023-10-04T12:39:27Z,3337,7577.994823455811
Shopify,dashing,2016-08-01T23:24:27Z,209,5933.829784393311
janl,mustache.js,2023-01-21T17:51:41Z,830,7007.186412811279
jaredhanson,passport,2023-03-10T17:27:55Z,617,5362.997770309448
jmcunningham,AngularJS-Learning,2016-12-29T13:19:34Z,734,6466.644287109375
facebook,jest,2023-11-03T09:59:44Z,7028,8844.825744628906
julycoding,The-Art-Of-Programming-By-July,2023-02-26T17:05:49Z,3690,7862.49041557312
visionmedia,superagent,2023-08-30T11:11:59Z,1879,8255.527257919312
chriskempson,tomorrow-theme,2022-07-09T10:34:23Z,434,6613.486766815186
requirejs,requirejs,2020-04-06T04:27:12Z,1409,6573.052644729614
shadowsocks,shadowsocks-windows,2021-04-26T06:35:13Z,1718,7271.924257278442
cmderdev,cmder,2023-11-05T18:55:36Z,1649,6151.293992996216
yabwe,medium-editor,2020-08-02T11:42:00Z,2621,7145.752191543579
Mashape,kong,2023-11-04T21:02:59Z,9901,8233.41679573059
mattermost,platform,2023-11-03T20:57:05Z,17638,9412.275791168213
Mantle,Mantle,2022-10-18T09:40:02Z,1286,7706.592559814453
jessesquires,JSQMessagesViewController,2018-02-07T14:55:06Z,1710,7120.23401260376
cockroachdb,cockroach,2023-11-06T01:13:33Z,87079,9271.962881088257
spf13,spf13-vim,2016-02-14T03:21:45Z,951,6127.124786376953
angular,angular-cli,2023-11-05T09:13:00Z,14227,7633.458614349365
Marak,faker.js,2023-11-05T09:13:00Z,749927,455.17754554748535
CoderMJLee,MJRefresh,2023-09-18T03:31:54Z,403,6428.719043731689
avajs,ava,2023-10-23T11:56:52Z,2006,5749.609470367432
jfeinstein10,SlidingMenu,2014-03-09T21:30:35Z,336,7270.561695098877
developit,preact,2023-11-03T07:59:36Z,5433,9665.025234222412
git-tips,tips,2023-05-02T15:11:11Z,402,6489.607810974121
NativeScript,NativeScript,2023-11-02T20:50:25Z,7324,7569.765090942383
inconshreveable,ngrok,2016-05-31T00:10:41Z,328,6970.198392868042
donnemartin,interactive-coding-challenges,2020-08-05T00:56:10Z,790,6532.145023345947
loverajoel,jstips,2022-07-29T12:47:38Z,450,7443.651437759399
RubaXa,Sortable,2023-10-21T22:38:26Z,1085,9067.141771316528
cocos2d,cocos2d-x,2023-08-06T07:01:12Z,37361,7686.964988708496
gin-gonic,gin,2023-09-27T07:17:11Z,1699,6119.741916656494
infernojs,inferno,2023-11-01T16:04:01Z,6250,7035.050868988037
chrisbanes,PhotoView,2021-01-20T13:48:09Z,462,7862.153053283691
yiisoft,yii2,2023-11-02T11:44:44Z,20369,4890.294551849365
magicalpanda,MagicalRecord,2019-12-21T13:38:48Z,1083,7168.639659881592
netty,netty,2023-11-04T18:53:10Z,11289,6677.685022354126
substack,stream-handbook,2023-11-04T18:53:10Z,749989,469.0868854522705
JacksonTian,fks,2017-07-06T16:13:02Z,219,6985.113859176636
elixir-lang,elixir,2023-11-05T19:27:48Z,19752,7138.173818588257
wsargent,docker-cheat-sheet,2022-06-23T04:27:27Z,432,6479.865074157715
jquery,jquery-mobile,2021-10-07T17:23:39Z,13114,7896.45528793335
vapor,vapor,2023-11-04T12:41:05Z,5743,4061.0716342926025
Netflix,Hystrix,2023-05-20T08:27:01Z,2119,7291.221141815186
SnapKit,SnapKit,2023-10-04T13:30:31Z,531,7271.576642990112
drone,drone,2023-11-04T00:20:11Z,1607,8393.967390060425
jquery,jquery-ui,2023-10-04T15:09:56Z,7295,6849.179744720459
nolimits4web,Framework7,2023-09-12T14:35:37Z,6979,7989.436626434326
sass,sass,2023-11-03T22:19:28Z,713,6573.12273979187
gatsbyjs,gatsby,2023-10-31T10:17:24Z,21566,8121.714115142822
adobe-webplatform,Snap.svg,2022-03-13T07:11:15Z,428,6677.952527999878
philipwalton,solved-by-flexbox,2020-12-03T01:08:36Z,367,7065.101623535156
octocat,Spoon-Knife,2014-02-12T23:20:44Z,3,6240.818500518799
alcatraz,Alcatraz,2017-09-28T10:13:14Z,764,6837.2743129730225
pandas-dev,pandas,2023-11-05T15:00:38Z,33582,5553.525447845459
VerbalExpressions,JSVerbalExpressions,2023-11-06T00:27:15Z,620,5554.580450057983
fbsamples,f8app,2020-01-06T22:13:36Z,68,6510.9264850616455
google,guetzli,2019-10-25T12:45:01Z,145,7099.0002155303955
bang590,JSPatch,2018-04-22T07:02:28Z,407,6443.361043930054
wekan,wekan,2023-11-05T19:47:33Z,10872,5981.868267059326
erikras,react-redux-universal-hot-example,2018-05-05T20:48:24Z,970,5996.928453445435
docker,compose,2023-10-31T07:46:45Z,4460,7663.088321685791
jlund,streisand,2020-04-12T01:29:05Z,1424,7652.804136276245
loopj,android-async-http,2021-01-18T09:40:25Z,899,8801.233768463135
google,styleguide,2023-10-23T16:26:54Z,510,7342.4859046936035
xdissent,ievms,2017-03-16T15:59:52Z,112,7103.233337402344
selectize,selectize.js,2023-08-01T00:39:12Z,1141,6779.232978820801
amazeui,amazeui,2017-03-04T12:45:05Z,1279,7608.2634925842285
SVProgressHUD,SVProgressHUD,2023-11-02T06:53:18Z,821,7212.514400482178
uikit,uikit,2023-11-02T10:19:28Z,6288,6795.745372772217
phanan,htaccess,2019-05-23T12:53:00Z,156,7102.895736694336
browserstate,history.js,2019-11-12T22:46:37Z,283,6030.656814575195
uxsolutions,bootstrap-datepicker,2023-05-13T19:28:23Z,1680,7142.674446105957
foreverjs,forever,2022-03-19T10:04:44Z,689,6562.303066253662
phoenixframework,phoenix,2023-11-03T13:24:41Z,7954,7420.585870742798
airbnb,enzyme,2023-01-29T09:08:30Z,2012,6660.029172897339
kdn251,interviews,2020-06-06T02:37:07Z,445,6442.680835723877
facebookresearch,fastText,2023-10-04T06:55:43Z,386,7222.723722457886
jwagner,smartcrop.js,2022-07-10T19:53:54Z,130,6918.477296829224
addyosmani,backbone-fundamentals,2017-12-11T16:25:52Z,1357,4892.502307891846
marcuswestin,store.js,2023-02-25T18:36:11Z,399,7004.009008407593
benweet,stackedit,2023-05-27T13:22:50Z,323,7000.625133514404
yaronn,blessed-contrib,2022-02-17T07:42:49Z,408,6523.324489593506
ReactiveX,RxSwift,2023-10-28T20:17:17Z,3667,6710.712909698486
rollup,rollup,2023-11-03T20:01:11Z,5439,7394.531726837158
google,leveldb,2023-04-18T22:38:59Z,434,6878.486633300781
aurelia,framework,2022-08-26T21:48:16Z,846,7080.447673797607
alebcay,awesome-shell,2023-02-05T03:52:57Z,657,5427.876710891724
mobxjs,mobx,2023-11-02T12:42:42Z,3240,8153.749227523804
DrkSephy,es6-cheatsheet,2018-02-08T22:38:54Z,154,7028.261184692383
LightTable,LightTable,2021-06-25T17:40:05Z,1313,4943.732738494873
Carthage,Carthage,2023-09-18T16:43:21Z,4353,6878.062963485718
facebook,prepack,2021-01-21T17:51:21Z,1596,8891.10541343689
capistrano,capistrano,2023-10-18T01:06:51Z,1704,7141.030550003052
cubiq,iscroll,2017-01-03T07:12:14Z,92,6588.258266448975
Developer-Y,cs-video-courses,2023-10-13T07:56:04Z,348,7302.661180496216
nsqio,nsq,2023-10-30T03:35:55Z,2282,6707.6239585876465
gionkunz,chartist-js,2022-08-08T19:45:01Z,860,7473.046064376831
AllThingsSmitty,css-protips,2023-06-27T15:28:46Z,367,8126.446485519409
servo,servo,2023-11-04T07:43:04Z,46994,7520.715951919556
imathis,octopress,2016-02-22T22:48:29Z,857,7191.941499710083
tootsuite,mastodon,2023-11-04T21:52:56Z,14682,8126.479864120483
tldr-pages,tldr,2023-11-05T18:15:23Z,12921,7450.161933898926
mysqljs,mysql,2020-02-24T10:09:53Z,1378,5154.366970062256
petehunt,webpack-howto,2016-04-12T03:41:15Z,50,6469.86722946167
rbenv,rbenv,2023-10-10T02:16:39Z,797,6903.313398361206
composer,composer,2023-10-27T09:36:59Z,12269,7540.616989135742
thedillonb,CodeHub,2020-05-06T02:29:18Z,593,8399.81198310852
sampotts,plyr,2023-03-24T12:02:41Z,2294,7401.1828899383545
keen,dashboards,2019-11-04T08:29:51Z,279,5982.060670852661
markerikson,react-redux-links,2022-02-01T03:58:55Z,401,6503.060102462769
cjwirth,awesome-ios-ui,2016-01-31T09:05:33Z,61,6423.4466552734375
hashicorp,consul,2023-11-03T21:00:48Z,20756,7659.444570541382
CocoaPods,CocoaPods,2023-10-26T21:23:49Z,9496,7629.852533340454
amix,vimrc,2023-08-20T14:39:46Z,481,6805.864572525024
alibaba,fastjson,2023-05-12T06:16:03Z,3983,7534.7490310668945
playframework,playframework,2023-11-01T21:10:07Z,13345,6279.613494873047
nicklockwood,iCarousel,2017-02-17T15:36:47Z,250,6023.217439651489
lgvalle,Material-Animations,2018-02-02T16:39:49Z,76,6388.335943222046
dimsemenov,Magnific-Popup,2022-02-25T17:20:43Z,319,6846.5704917907715
go-martini,martini,2017-01-21T21:58:54Z,591,7152.838706970215
androidannotations,androidannotations,2022-05-31T13:16:37Z,2934,6466.156482696533
ViccAlexander,Chameleon,2017-06-26T20:40:34Z,342,8255.582094192505
localForage,localForage,2022-12-23T23:04:15Z,1124,7616.427659988403
donnemartin,data-science-ipython-notebooks,2019-02-11T10:51:45Z,543,7162.670135498047
vim,vim,2023-11-05T18:17:10Z,18606,7685.11700630188
angular,material2,2023-11-05T20:13:11Z,11182,9304.333209991455
sinatra,sinatra,2023-10-18T19:13:03Z,4577,6259.30118560791
Bilibili,flv.js,2021-09-13T02:28:53Z,431,6559.996128082275
vim-airline,vim-airline,2023-10-11T11:32:00Z,2747,7557.596206665039
alsotang,node-lessons,2022-02-15T02:04:44Z,258,5970.585823059082
equinusocio,material-theme,2023-10-07T16:14:48Z,1009,8707.978010177612
parkjs814,AlgorithmVisualizer,2018-12-10T17:30:24Z,3,7368.181467056274
guzzle,guzzle,2023-09-11T09:12:01Z,3659,6619.356393814087
WordPress,WordPress,2023-11-05T17:16:25Z,48567,7957.51166343689
junegunn,fzf,2023-11-05T01:50:11Z,2493,6326.12681388855
ruanyf,jstraining,2022-02-16T07:04:07Z,94,6469.492435455322
lkzhao,Hero,2022-10-06T05:20:52Z,558,8722.673177719116
facebook,osquery,2023-10-25T23:38:08Z,6388,8577.642917633057
buunguyen,octotree,2023-09-30T14:34:33Z,719,7683.5596561431885
GoogleChrome,lighthouse,2023-11-02T19:59:28Z,5910,7247.833728790283
hackiftekhar,IQKeyboardManager,2023-10-31T09:41:15Z,1280,7494.72713470459
sorrycc,awesome-javascript,2023-11-02T13:51:05Z,803,7165.365219116211
chenglou,react-motion,2019-11-17T23:49:58Z,809,8003.474712371826
FormidableLabs,webpack-dashboard,2023-05-18T14:55:47Z,277,6012.844085693359
WickyNilliams,headroom.js,2020-10-16T13:08:56Z,218,6083.251953125
strongloop,loopback,2021-03-06T01:01:03Z,2416,6335.391283035278
begriffs,postgrest,2023-11-03T21:10:03Z,2559,9658.751010894775
chrissimpkins,Hack,2020-11-21T21:59:42Z,1361,5830.415487289429
tpope,vim-pathogen,2022-08-24T17:19:25Z,166,6994.824171066284
php-fig,fig-standards,2023-11-02T17:07:57Z,3062,7221.532821655273
CocoaLumberjack,CocoaLumberjack,2023-10-31T08:25:49Z,2301,7500.9894371032715
scottjehl,picturefill,2022-09-06T15:00:20Z,805,7115.856885910034
Tencent,tinker,2023-10-23T03:44:56Z,831,7272.280693054199
lukasz-madon,awesome-remote-job,2023-06-09T20:06:40Z,1070,7493.965625762939
davezuko,react-redux-starter-kit,2017-07-20T14:08:41Z,1013,7459.999084472656
google,gson,2023-10-24T16:54:41Z,1902,7353.459119796753
DmitryBaranovskiy,raphael,2020-06-20T05:30:31Z,486,6687.792062759399
alibaba,dubbo,2023-11-02T01:52:31Z,7194,6207.376956939697
ptmt,react-native-macos,2020-07-17T13:24:16Z,13041,5142.212867736816
nickbutcher,plaid,2020-09-28T20:16:45Z,1277,7490.480422973633
stedolan,jq,2023-11-03T18:53:33Z,1634,7387.1824741363525
hemanth,functional-programming-jargon,2023-07-17T23:59:41Z,296,6272.876739501953
luanfujun,deep-photo-styletransfer,2017-07-13T23:14:14Z,93,6464.515209197998
gorhill,uBlock,2023-11-06T01:50:47Z,11557,7671.758651733398
hzlzh,Best-App,2023-09-03T15:22:36Z,288,6059.114217758179
google,fonts,2023-11-03T22:47:24Z,6455,5694.980144500732
geekcompany,ResumeSample,2017-11-22T08:58:42Z,26,6480.575323104858
peachananr,onepage-scroll,2020-05-08T01:15:08Z,54,6448.5838413238525
thomaspark,bootswatch,2023-10-23T18:00:10Z,2270,6629.292011260986
facebook,relay,2023-11-04T00:08:45Z,9192,7171.64421081543
pouchdb,pouchdb,2023-11-01T15:36:19Z,5079,7390.308380126953
JakeWharton,ViewPagerIndicator,2012-09-12T16:08:57Z,241,5888.947248458862
binux,pyspider,2020-08-02T17:34:20Z,1181,6688.345670700073
petehunt,react-howto,2017-04-17T19:59:46Z,172,6962.51368522644
airbnb,lottie-ios,2023-11-02T13:30:51Z,1254,8700.741529464722
sindresorhus,quick-look-plugins,2022-01-25T13:01:19Z,56,6576.330661773682
Tencent,mars,2023-11-02T07:32:50Z,1908,7612.842321395874
nathanmarz,storm,2013-12-13T18:53:13Z,1764,7735.723257064819
PHPMailer,PHPMailer,2023-10-31T22:08:15Z,2323,7483.838319778442
allenwong,30DaysofSwift,2020-07-10T03:29:41Z,148,7131.620407104492
rapid7,metasploit-framework,2023-11-03T20:01:42Z,72206,6683.328151702881
you-dont-need,You-Dont-Need-JavaScript,2023-11-01T06:50:58Z,733,6972.345590591431
fxsjy,jieba,2020-02-15T08:33:35Z,523,7177.20627784729
HubSpot,youmightnotneedjquery,2023-07-03T13:48:03Z,404,6770.930767059326
jgm,pandoc,2023-11-04T16:46:46Z,16945,8668.445825576782
reactnativecn,react-native-guide,2018-12-29T05:15:16Z,157,7219.203233718872
abhishekbanthia,Public-APIs,2023-08-14T17:03:06Z,731,7706.179141998291
android10,Android-CleanArchitecture,2020-12-28T17:22:07Z,248,5972.8827476501465
gabrielecirulli,2048,2018-10-27T16:25:12Z,180,8160.770416259766
BrowserSync,browser-sync,2023-09-09T07:42:28Z,2094,5707.749843597412
Automattic,wp-calypso,2023-11-05T23:08:08Z,62974,8471.090078353882
sqlmapproject,sqlmap,2023-10-31T14:16:15Z,10109,5351.344108581543
JohnCoates,Aerial,2023-10-06T13:55:33Z,1371,5001.083850860596
marcuswestin,WebViewJavascriptBridge,2023-02-25T18:34:53Z,464,6613.679885864258
Hack-with-Github,Awesome-Hacking,2022-02-09T06:47:14Z,115,7252.6695728302
pockethub,PocketHub,2020-04-11T14:16:07Z,3512,5527.573823928833
onevcat,Kingfisher,2023-10-29T14:05:56Z,2665,6797.28627204895
jessepollak,card,2023-03-14T10:27:01Z,505,7127.209424972534
JuliaLang,julia,2023-11-06T01:44:01Z,55605,8173.667430877686
robbiehanson,CocoaAsyncSocket,2021-05-12T06:06:39Z,576,7295.70460319519
facebook,folly,2023-11-03T20:09:01Z,12048,7674.7894287109375
fgnass,spin.js,2021-07-19T17:09:29Z,324,7141.450643539429
dzenbot,DZNEmptyDataSet,2021-02-02T05:13:12Z,454,6783.902168273926
paularmstrong,normalizr,2022-03-19T22:39:16Z,455,7018.678665161133
nagadomi,waifu2x,2023-02-23T01:32:03Z,756,6676.509380340576
hashicorp,terraform,2023-10-31T07:35:30Z,31766,9187.758922576904
karma-runner,karma,2023-04-27T18:31:53Z,2843,4589.116096496582
fabric,fabric,2023-09-23T23:05:56Z,1604,6230.915069580078
pingcap,tidb,2023-11-06T02:09:40Z,22039,8163.702011108398
maxwellito,vivus,2022-07-06T22:16:59Z,174,7161.620855331421
fffaraz,awesome-cpp,2023-11-05T09:50:08Z,1738,7223.738670349121
xgrommx,awesome-redux,2022-06-08T21:16:05Z,777,6784.083843231201
yeoman,yeoman,2020-07-23T06:09:26Z,1110,6765.755414962769
sdelements,lets-chat,2019-10-03T15:13:48Z,1489,6733.437061309814
janpaepke,ScrollMagic,2022-07-24T10:14:33Z,669,5534.924507141113
thoughtbot,paperclip,2021-09-10T14:51:37Z,1973,7782.6807498931885
PHPOffice,PHPExcel,2019-01-02T01:38:47Z,1274,7806.198358535767
niklasvh,html2canvas,2022-01-22T16:27:44Z,1066,7307.347059249878
bailicangdu,vue2-elm,2023-05-19T07:54:32Z,511,1219260.106086731
containous,traefik,2023-09-18T20:08:05Z,4774,8370.417594909668
kevinzhow,PNChart,2018-03-07T16:48:38Z,528,7397.857189178467
phacility,phabricator,2023-05-29T14:40:22Z,17076,6999.144554138184
brillout,awesome-react-components,2023-10-21T17:41:14Z,921,6353.485345840454
keon,algorithms,2023-04-04T13:18:36Z,954,6199.361801147461
powerline,fonts,2018-11-11T12:22:30Z,202,5989.649295806885
redux-saga,redux-saga,2023-08-26T15:34:01Z,1940,7257.373094558716
spree,spree,2023-11-02T09:06:33Z,24858,6910.231590270996
kesenhoo,android-training-course-in-chinese,2017-09-20T02:09:14Z,1625,6061.599016189575
ramda,ramda,2023-11-03T05:11:28Z,2997,6621.597051620483
godotengine,godot,2023-11-03T11:52:37Z,58798,6758.235454559326
roots,sage,2023-10-11T00:25:36Z,2576,7308.895826339722
imakewebthings,waypoints,2016-09-03T14:22:49Z,254,5935.983180999756
leereilly,games,2018-08-22T04:10:32Z,648,5437.857389450073
scala,scala,2023-11-05T14:12:34Z,39275,8203.449726104736
crystal-lang,crystal,2023-11-05T18:02:24Z,14852,6678.83038520813
ty4z2008,Qix,2022-08-11T06:45:58Z,1295,7360.0099086761475
fullstackio,FlappySwift,2019-11-19T23:06:10Z,74,7614.689350128174
revel,revel,2022-04-12T20:53:30Z,1645,6155.05313873291
AHAAAAAAA,PokemonGo-Map,2016-07-16T15:06:19Z,1,6411.106586456299
onevcat,VVDocumenter-Xcode,2017-02-04T06:47:22Z,330,7075.31213760376
python,cpython,2023-11-05T16:50:31Z,119493,8583.303213119507
NUKnightLab,TimelineJS,2018-08-13T20:54:11Z,995,6138.137340545654
daylerees,colour-schemes,2017-11-29T19:58:38Z,242,6051.54275894165
swagger-api,swagger-ui,2023-11-02T11:40:07Z,6082,6332.714796066284
google,flexbox-layout,2021-05-20T06:56:13Z,370,7182.534456253052
tj,co,2016-10-17T04:06:25Z,299,5976.915121078491
MrRio,jsPDF,2023-04-15T13:44:08Z,2267,7993.67880821228
tpope,vim-fugitive,2023-10-29T17:00:04Z,2152,7206.8376541137695
iissnan,hexo-theme-next,2022-11-10T06:22:37Z,1809,6669.597864151001
oxford-cs-deepnlp-2017,lectures,2017-06-12T12:51:38Z,64,6583.466053009033
Microsoft,dotnet,2023-10-17T18:37:58Z,1236,7818.942546844482
systemjs,systemjs,2023-08-16T05:19:41Z,2243,6769.69575881958
gollum,gollum,2023-10-30T16:29:58Z,2495,6248.557090759277
airyland,vux,2023-06-25T08:38:53Z,2630,6881.243944168091
metafizzy,isotope,2020-04-14T13:33:28Z,812,7332.367897033691
AngularClass,angular-starter,2023-10-07T21:13:11Z,1807,7753.990173339844
thejameskyle,the-super-tiny-compiler,2020-01-07T14:01:32Z,13,7712.164878845215
vuejs,vuex,2023-08-08T11:38:57Z,1210,7675.755500793457
so-fancy,diff-so-fancy,2023-06-09T20:07:02Z,701,6782.331466674805
knockout,knockout,2021-09-07T03:15:16Z,1797,7200.651168823242
bmorelli25,Become-A-Full-Stack-Web-Developer,2018-05-01T16:27:32Z,53,6561.272859573364
aFarkas,html5shiv,2021-01-27T09:25:04Z,276,6528.765916824341
navasmdc,MaterialDesignLibrary,2016-11-14T21:06:39Z,74,6616.583347320557
carhartl,jquery-cookie,2015-05-27T15:36:08Z,237,5898.852348327637
chrisbanes,Android-PullToRefresh,2013-02-02T12:31:46Z,477,6807.117938995361
hehonghui,android-tech-frontier,2021-02-05T06:48:31Z,1704,7124.596834182739
Rochester-NRT,RocAlphaGo,2021-02-05T06:48:31Z,749904,444.6594715118408
reactjs,react-redux,2023-10-01T02:03:28Z,1210,8607.956647872925
irungentoo,toxcore,2018-10-03T12:44:02Z,3771,7337.76068687439
stylus,stylus,2023-11-04T07:40:06Z,4121,7432.8813552856445
thoughtbot,bourbon,2023-07-06T13:07:00Z,1216,7582.120895385742
ochococo,Design-Patterns-In-Swift,2023-07-05T09:41:25Z,182,7351.309776306152
kangax,fabric.js,2023-11-06T00:27:56Z,4840,8806.061029434204
daimajia,AndroidSwipeLayout,2017-07-11T00:35:26Z,175,7226.292371749878
joewalnes,websocketd,2023-06-27T18:47:15Z,320,7094.862222671509
shichuan,javascript-patterns,2018-06-11T14:54:27Z,360,8204.069137573242
handsontable,handsontable,2023-10-30T14:13:11Z,7955,8358.599424362183
tj,commander.js,2023-10-13T00:27:03Z,1249,7540.581226348877
apenwarr,sshuttle,2016-03-02T23:38:33Z,414,6453.516721725464
gztchan,awesome-design,2021-06-15T09:44:26Z,215,5883.275270462036
vim-syntastic,syntastic,2022-07-10T12:58:45Z,2676,6963.554382324219
styled-components,styled-components,2023-10-14T03:31:21Z,3567,5725.921392440796
mgonto,restangular,2017-04-27T17:57:00Z,837,7215.216398239136
phalcon,cphalcon,2023-10-25T13:51:43Z,16765,7902.262449264526
scrooloose,nerdtree,2023-10-25T20:54:05Z,1334,5956.584692001343
audreyr,favicon-cheat-sheet,2020-03-06T23:35:11Z,91,7497.488021850586
xitu,gold-miner,2023-11-03T00:34:24Z,11456,7409.972190856934
goldfire,howler.js,2023-09-19T14:59:05Z,894,7151.484251022339
encode,django-rest-framework,2023-11-05T05:59:10Z,8725,6695.936918258667
slimphp,Slim,2023-10-03T05:02:54Z,4462,7648.519039154053
slimphp,Slim,2023-10-03T05:02:54Z,4462,7470.933675765991
ruby-grape,grape,2023-10-30T18:01:42Z,2611,6776.530027389526
CosmicMind,Material,2019-10-17T15:27:54Z,2498,6818.460464477539
sahat,satellizer,2016-10-20T02:24:02Z,2116,7077.370166778564
javve,list.js,2022-12-11T11:07:58Z,811,7117.2990798950195
sindresorhus,pageres,2022-10-27T08:57:16Z,300,7140.008926391602
liaohuqiu,android-Ultra-Pull-To-Refresh,2016-05-04T03:01:31Z,182,7018.068552017212
google,xi-editor,2023-08-08T20:25:48Z,2115,8344.09475326538
Flipboard,FLEX,2023-03-10T00:33:07Z,1250,8573.172569274902
airbnb,react-sketchapp,2021-03-30T07:57:30Z,780,6854.440212249756
chriso,validator.js,2023-08-18T12:47:00Z,2221,8075.0391483306885
hapijs,hapi,2023-09-13T22:48:46Z,5739,4096.525192260742
realm,realm-java,2023-10-13T14:12:53Z,8998,6605.631113052368
WhisperSystems,Signal-Android,2023-11-02T23:00:09Z,13625,9901.23987197876
mitmproxy,mitmproxy,2023-11-05T17:52:53Z,10431,6569.255590438843
koalaman,shellcheck,2023-11-03T05:33:49Z,1921,7286.379814147949
NodeRedis,node_redis,2023-09-22T11:03:52Z,1928,8813.100337982178
greenrobot,greenDAO,2021-02-02T13:18:48Z,883,7197.3230838775635
paperjs,paper.js,2023-07-20T14:45:31Z,7403,6286.177158355713
google,flatbuffers,2023-10-07T19:28:52Z,3017,7508.985996246338
Matt-Esch,virtual-dom,2016-04-22T00:15:13Z,412,6549.870729446411
CymChad,BaseRecyclerViewAdapterHelper,2023-11-02T07:51:18Z,1477,6511.383056640625
googlesamples,android-UniversalMusicPlayer,2022-12-13T22:14:05Z,452,8051.193475723267
guillaumepotier,Parsley.js,2022-10-12T01:00:57Z,1603,6054.746389389038
facebook,rocksdb,2023-11-03T23:27:11Z,12245,7876.5549659729
eslint,eslint,2023-11-04T00:33:48Z,9166,8234.707593917847
alexjc,neural-doodle,2016-05-13T16:22:29Z,122,6984.899044036865
facebook,Shimmer,2020-01-28T21:36:46Z,79,7836.934804916382
jtoy,awesome-tensorflow,2023-01-04T21:36:06Z,293,6080.4102420806885
matryer,bitbar,2023-07-15T10:54:04Z,1057,8471.821069717407
facebook,stetho,2021-04-07T03:02:12Z,588,9026.280164718628
arasatasaygin,is.js,2020-05-07T12:29:52Z,404,6667.027711868286
nodemailer,nodemailer,2023-10-23T15:48:09Z,1035,7336.744546890259
teamcapybara,capybara,2023-10-08T19:44:21Z,4325,6780.646085739136
resque,resque,2023-08-19T17:51:31Z,1788,7232.577562332153
dotnet,coreclr,2020-01-31T14:12:07Z,4,6519.306182861328
yudai,gotty,2017-12-13T08:37:02Z,230,5943.4874057769775
shadowsocks,shadowsocks-android,2023-09-25T07:15:50Z,3694,6991.942405700684
moklick,frontend-stuff,2023-01-22T15:12:16Z,463,6497.540235519409
justjavac,awesome-wechat-weapp,2023-05-06T00:49:46Z,602,5487.869024276733
ccampbell,mousetrap,2020-01-23T21:48:41Z,392,7181.173324584961
Idnan,bash-guide,2023-03-01T15:51:40Z,95,6648.537158966064
gaearon,redux-devtools,2023-11-05T14:12:55Z,1276,9069.180011749268
facebook,yoga,2023-11-03T12:23:56Z,2346,7659.613609313965
phanan,koel,2023-10-10T15:29:30Z,2712,9256.373405456543
tmpvar,jsdom,2023-05-27T10:45:30Z,3616,8909.258127212524
atlassian,localstack,2020-07-17T19:18:42Z,305,8278.953552246094
mxcl,PromiseKit,2023-08-27T15:10:40Z,1534,7145.886182785034
fish-shell,fish-shell,2023-10-24T16:24:51Z,17704,7032.966136932373
hacksalot,HackMyResume,2018-02-14T16:23:51Z,784,6624.366521835327
jordansissel,fpm,2018-10-16T04:05:47Z,2298,6825.670480728149
saltstack,salt,2023-10-27T09:00:14Z,119219,8455.755710601807
eczarny,spectacle,2019-11-09T17:53:56Z,685,5756.824016571045
junegunn,vim-plug,2023-04-01T14:59:21Z,693,5650.363206863403
chrisaljoudi,uBlock,2022-09-08T21:07:14Z,2782,8914.83187675476
bbatsov,rubocop,2023-10-23T17:46:26Z,13204,8776.08346939087
slackhq,SlackTextViewController,2018-10-29T18:56:02Z,1181,7150.21014213562
forkingdog,UITableView-FDTemplateLayoutCell,2017-11-19T03:08:53Z,95,6800.604581832886
jquery-validation,jquery-validation,2023-10-09T23:27:38Z,891,7417.852878570557
Homebrew,brew,2023-11-05T20:05:26Z,37295,8157.0305824279785
rwaldron,johnny-five,2023-03-23T13:17:14Z,3368,6964.001655578613
exacity,deeplearningbook-chinese,2019-11-10T03:14:59Z,730,6708.481311798096
chmln,flatpickr,2022-09-27T00:19:31Z,2867,5433.485984802246
NetEase,pomelo,2019-11-08T06:22:21Z,951,6155.348300933838
harthur,brain,2018-02-25T00:12:30Z,151,7056.301116943359
winstonjs,winston,2023-08-21T17:45:45Z,1541,7254.899740219116
Netflix,falcor,2021-05-06T18:59:28Z,2183,7477.015733718872
google,grumpy,2017-11-22T02:08:58Z,331,7340.676546096802
HubSpot,offline,2017-05-26T19:38:57Z,338,7203.417539596558
basecamp,trix,2023-10-23T10:46:04Z,2963,6540.214061737061
OpenEmu,OpenEmu,2023-10-18T08:23:23Z,7382,7373.424530029297
afaqurk,linux-dash,2020-03-22T13:45:42Z,864,8506.446838378906
HelloZeroNet,ZeroNet,2021-01-25T02:24:19Z,4033,7104.436635971069
sorin-ionescu,prezto,2023-10-05T18:45:56Z,2023,5564.464330673218
dmlc,xgboost,2023-11-03T10:19:28Z,6626,7431.29301071167
dotnet,roslyn,2023-11-04T07:42:08Z,102009,9175.286531448364
daimajia,AndroidViewAnimations,2020-08-30T14:45:20Z,145,7102.258920669556
ipfs,ipfs,2023-09-14T09:28:39Z,409,6749.169111251831
mikepenz,MaterialDrawer,2023-08-15T11:30:08Z,2523,7420.391321182251
MithrilJS,mithril.js,2023-05-05T03:21:56Z,3652,6842.501401901245
labstack,echo,2023-11-05T16:01:01Z,1708,7500.685214996338
ksoichiro,Android-ObservableScrollView,2016-02-14T10:02:12Z,383,7283.753156661987
powerline,powerline,2022-12-18T08:38:49Z,2857,4511.228322982788
elastic,logstash,2023-11-03T16:38:01Z,10543,7827.688932418823
HannahMitt,HomeMirror,2021-04-27T18:07:36Z,116,6959.847211837769
pyenv,pyenv,2023-10-30T19:10:26Z,3198,6215.340375900269
mperham,sidekiq,2023-10-31T17:35:19Z,4720,7962.228298187256
Grouper,FlatUIKit,2016-02-11T23:46:58Z,282,5992.243528366089
qrohlf,trianglify,2022-09-11T23:41:34Z,254,5985.571622848511
JedWatson,react-select,2023-10-17T00:17:55Z,4229,5131.269454956055
TTTAttributedLabel,TTTAttributedLabel,2020-08-11T02:29:17Z,696,5575.265645980835
zenorocha,alfred-workflows,2020-05-04T20:16:02Z,155,7114.5665645599365
Automattic,_s,2022-01-01T21:54:51Z,1387,5263.132333755493
facebookarchive,three20,2014-05-14T01:06:26Z,1778,7430.37223815918
ejci,favico.js,2016-12-18T16:13:04Z,189,7156.676292419434
gothinkster,realworld,2023-10-26T13:09:36Z,945,6178.786039352417
carrierwaveuploader,carrierwave,2023-10-08T09:42:02Z,2631,6823.50492477417
google,WebFundamentals,2022-08-10T14:38:06Z,11329,7816.001176834106
nicolargo,glances,2023-11-05T08:53:44Z,5236,7439.4471645355225
elastic,kibana,2023-11-05T16:19:15Z,68803,8539.207696914673
datasciencemasters,go,2023-04-18T03:23:28Z,411,6539.653539657593
mishoo,UglifyJS,2023-01-16T13:30:59Z,3322,6561.179876327515
danialfarid,ng-file-upload,2019-02-27T20:09:17Z,1159,6765.851259231567
DrKLO,Telegram,2023-11-02T10:51:24Z,515,7394.385814666748
FFmpeg,FFmpeg,2023-11-05T14:52:46Z,112694,8197.524785995483
cmusatyalab,openface,2023-06-14T17:20:41Z,735,6732.902765274048
kamens,jQuery-menu-aim,2014-12-03T19:16:00Z,32,6552.692413330078
mwaterfall,MWPhotoBrowser,2016-04-22T07:16:08Z,188,7256.289958953857
docker,kitematic,2021-06-11T08:23:35Z,2335,7499.792098999023
piwik,piwik,2023-11-05T22:41:50Z,29518,9019.89221572876
WebAssembly,design,2023-10-23T17:13:09Z,1426,6630.061149597168
laravel,framework,2023-11-05T20:41:15Z,36311,7778.519868850708
mrmrs,colors,2021-08-30T03:54:59Z,175,7341.433048248291
path,FastImageCache,2016-09-13T14:06:15Z,132,7079.545259475708
veggiemonk,awesome-docker,2023-10-20T08:17:01Z,2924,6538.133859634399
ConnorAtherton,loaders.css,2018-06-13T22:36:18Z,108,7035.636425018311
reactjs,reselect,2023-11-01T02:12:22Z,842,8501.410245895386
activeadmin,activeadmin,2023-11-04T22:08:07Z,8492,7080.109119415283
marmelab,gremlins.js,2022-01-26T17:33:07Z,323,6997.741222381592
buger,goreplay,2023-08-07T13:47:15Z,1310,4981.930255889893
geeeeeeeeek,electronic-wechat,2018-11-12T09:50:50Z,256,5968.122243881226
JakeWharton,ActionBarSherlock,2014-12-20T02:23:02Z,1480,6592.10991859436
chinchang,hint.css,2022-05-29T08:36:37Z,312,7058.71319770813
purifycss,purifycss,2018-03-18T10:03:56Z,304,7121.127605438232
karpathy,convnetjs,2016-11-25T00:57:14Z,89,6537.204742431641
NodeBB,NodeBB,2023-10-28T17:42:06Z,26563,6507.502555847168
uNetworking,uWebSockets,2023-11-01T14:05:13Z,1011,8212.229490280151
Ramotion,animated-tab-bar,2020-05-20T10:33:59Z,409,6704.014301300049
EnterpriseQualityCoding,FizzBuzzEnterpriseEdition,2019-12-18T07:12:52Z,184,7098.539113998413
markets,awesome-ruby,2023-10-31T00:25:47Z,1468,6568.789005279541
nodejitsu,node-http-proxy,2020-05-17T21:26:59Z,1212,8741.82415008545
rstacruz,jquery.transit,2015-05-28T14:13:34Z,228,6062.70170211792
google,traceur-compiler,2016-09-15T16:37:35Z,1730,7261.2457275390625
jhipster,generator-jhipster,2023-11-06T02:31:17Z,49041,7516.907453536987
carlhuda,janus,2018-01-20T00:43:26Z,941,6227.499723434448
HubSpot,tether,2023-10-30T10:33:25Z,1671,7319.807529449463
hdodenhof,CircleImageView,2023-01-10T19:03:13Z,160,7019.325971603394
dropbox,zxcvbn,2017-10-13T00:39:04Z,379,7397.43709564209
jacomyal,sigma.js,2022-11-04T12:39:25Z,1652,6127.755403518677
svg,svgo,2023-11-04T15:17:15Z,1393,5172.395467758179
css-modules,css-modules,2017-10-27T18:41:14Z,69,6660.423755645752
philipwalton,flexbugs,2020-04-20T04:53:18Z,187,7233.4160804748535
jshint,jshint,2022-12-28T20:31:54Z,2306,7306.379556655884
matthieua,WOW,2019-03-21T08:31:19Z,322,6971.949338912964
winterbe,java8-tutorial,2023-04-27T07:52:04Z,150,7023.73194694519
relax,relax,2021-07-13T15:18:34Z,1816,6616.053342819214
akka,akka,2023-11-02T14:33:48Z,26885,7837.888956069946
raywenderlich,swift-style-guide,2023-04-12T18:49:29Z,338,8181.191682815552
dthree,cash,2017-10-17T22:01:17Z,175,7193.028926849365
senchalabs,connect,2021-08-25T00:02:00Z,3635,7129.361867904663
ocornut,imgui,2023-11-02T17:06:38Z,7604,6736.225366592407
apple,swift-evolution,2023-11-03T22:27:46Z,5324,6557.160377502441
mozilla-mobile,firefox-ios,2023-11-03T19:21:13Z,12164,7088.5021686553955
PowerShell,PowerShell,2023-11-01T19:42:28Z,10408,7168.815612792969
spotify,luigi,2023-10-25T23:50:29Z,4088,7329.546213150024
minio,minio,2023-11-05T03:16:14Z,11221,6765.413522720337
ruanyf,es6tutorial,2023-08-24T06:20:57Z,2123,7219.429969787598
home-assistant,home-assistant,2023-11-06T03:11:50Z,68466,9574.717044830322
mxgmn,WaveFunctionCollapse,2023-10-07T22:26:44Z,143,7037.360429763794
kkga,spacegray,2019-06-01T08:04:01Z,233,7253.395318984985
cakephp,cakephp,2023-11-06T02:21:52Z,46653,8492.191553115845
FredrikNoren,ungit,2023-10-21T11:01:50Z,3955,7293.468475341797
mozilla,BrowserQuest,2012-04-10T17:30:26Z,153,7185.991048812866
marionettejs,backbone.marionette,2022-12-29T23:33:25Z,3395,7081.328868865967
javan,whenever,2023-01-23T15:41:58Z,539,7256.744623184204
connors,photon,2017-02-24T05:27:07Z,261,6187.000274658203
rkt,rkt,2020-02-24T14:16:03Z,5569,7067.363023757935
go-kit,kit,2023-05-29T21:23:33Z,1530,7127.249956130981
redox-os,redox,2023-06-22T22:02:36Z,3134,6105.878591537476
clojure,clojurescript,2023-09-28T21:03:38Z,6148,7302.6392459869385
nosir,cleave.js,2020-05-19T10:48:19Z,423,6626.734018325806
realm,SwiftLint,2023-11-05T13:04:22Z,6455,5831.571102142334
celery,celery,2023-11-05T12:39:14Z,12346,5821.430683135986
CRYTEK,CRYENGINE,2023-11-05T12:39:14Z,749946,455.7924270629883
babun,babun,2019-06-11T15:45:48Z,986,6217.69380569458
tj,n,2023-10-15T04:34:34Z,784,7676.929473876953
getgrav,grav,2023-10-28T06:58:08Z,7572,7494.641542434692
akveo,blur-admin,2019-01-19T18:51:00Z,472,6600.905895233154
google,ExoPlayer,2023-09-29T10:55:23Z,18865,5683.019399642944
kataras,iris,2023-11-05T20:20:20Z,2753,7659.1796875
philc,vimium,2023-10-31T19:46:29Z,4839,7450.376033782959
FineUploader,fine-uploader,2018-11-19T00:49:26Z,3645,6921.748638153076
torch,torch7,2019-04-17T21:12:08Z,1337,4982.383728027344
serbanghita,Mobile-Detect,2023-10-28T16:04:34Z,920,6003.909111022949
Aufree,trip-to-iOS,2018-11-15T13:20:22Z,118,6907.568693161011
CoderMJLee,MJExtension,2021-12-06T06:52:09Z,345,7106.265306472778
hashicorp,vault,2023-11-06T01:35:37Z,18492,6704.435348510742
getpelican,pelican,2023-11-02T22:27:15Z,3743,7603.073835372925
reactide,reactide,2020-12-31T01:05:40Z,265,6106.922149658203
gaearon,react-hot-loader,2022-11-13T04:20:12Z,1890,6777.3590087890625
graphql,graphql-js,2023-09-11T07:52:39Z,3381,6775.25520324707
mailpile,Mailpile,2023-11-01T17:23:18Z,6304,7356.01019859314
romaonthego,RESideMenu,2015-04-02T05:37:28Z,383,7163.550853729248
atech,postal,2023-06-27T15:46:31Z,385,8552.157878875732
Compass,compass,2016-08-04T17:43:41Z,3536,5600.779294967651
amsul,pickadate.js,2019-07-08T16:40:02Z,832,7222.265958786011
douglascrockford,JSON-js,2023-05-10T23:28:13Z,45,6434.765815734863
mailcheck,mailcheck,2016-12-07T18:46:48Z,172,7205.591917037964
hakimel,Ladda,2021-12-02T21:21:21Z,209,6951.898813247681
TeamStuQ,skill-map,2019-07-19T03:42:57Z,397,7312.197208404541
dangrossman,bootstrap-daterangepicker,2020-07-30T23:57:09Z,824,8560.413837432861
facebook,infer,2023-11-03T14:51:30Z,12938,7800.96173286438
c3js,c3,2023-11-02T15:29:04Z,2063,6805.165529251099
arduino,Arduino,2022-10-29T19:36:22Z,7375,7622.310161590576
rupa,z,2021-05-31T17:23:39Z,214,6243.131875991821
twitter,twemproxy,2022-10-06T02:22:22Z,604,6058.50625038147
odoo,odoo,2023-11-05T00:06:13Z,161323,9999.76658821106
deeplearning4j,deeplearning4j,2023-09-26T12:44:01Z,2716,8064.574241638184
restify,node-restify,2023-08-10T20:55:16Z,1726,8420.482397079468
SeleniumHQ,selenium,2023-11-05T18:27:50Z,30712,7818.80784034729
facebook,SocketRocket,2023-06-28T19:57:46Z,528,8915.38667678833
tmux,tmux,2023-11-02T22:58:45Z,10142,5376.542806625366
coryhouse,react-slingshot,2020-03-30T12:04:16Z,699,5421.497344970703
getredash,redash,2023-11-01T14:38:23Z,7628,6845.073699951172
CodeSeven,toastr,2018-06-16T03:54:40Z,412,6654.848098754883
fullcalendar,fullcalendar,2023-09-21T21:22:01Z,6384,7536.237716674805
zeit,pkg,2023-07-19T07:34:57Z,1138,8188.011646270752
mishoo,UglifyJS2,2023-01-16T13:30:59Z,3322,7548.1276512146
fronteed,icheck,2020-10-09T11:41:24Z,157,8245.492935180664
CEWendel,SWTableViewCell,2015-06-02T07:54:31Z,316,7034.091949462891
iview,iview,2020-06-30T03:19:31Z,3031,7149.8706340789795
seajs,seajs,2023-07-03T13:54:19Z,2521,7282.453536987305
ReactiveX,rxjs,2023-11-03T20:11:40Z,5388,6519.493579864502
cjbarber,ToolsOfTheTrade,2023-03-30T03:57:36Z,649,5395.243406295776
hangtwenty,dive-into-machine-learning,2022-06-17T23:22:08Z,350,8491.329193115234
giakki,uncss,2023-04-18T13:36:24Z,656,6518.066167831421
chrisbanes,cheesesquare,2020-12-07T17:37:54Z,29,6507.784366607666
boot2docker,boot2docker,2020-06-22T19:02:28Z,1367,5089.890480041504
libuv,libuv,2023-11-01T01:30:10Z,5251,7609.1468334198
feathersjs,feathers,2023-11-03T18:18:06Z,4023,7414.334774017334
fatih,vim-go,2023-10-02T18:13:19Z,4459,7270.465850830078
dexteryy,spellbook-of-modern-webdev,2019-06-29T11:46:38Z,58,6400.675058364868
facebook,nuclide,2018-12-12T17:47:39Z,15238,6969.447374343872
breakwa11,shadowsocks-rss,2018-12-12T17:47:39Z,749938,475.6147861480713
tmuxinator,tmuxinator,2022-09-20T16:57:20Z,848,7359.501361846924
orhanobut,logger,2021-05-02T10:42:04Z,146,7048.512697219849
alexjc,neural-enhance,2016-11-30T15:15:55Z,102,7596.191644668579
mhinz,vim-galore,2021-04-16T16:56:08Z,387,7061.451435089111
hpneo,gmaps,2020-09-22T03:40:52Z,374,7255.058526992798
guarinogabriel,Mac-CLI,2023-01-28T02:16:46Z,426,6555.960178375244
angular,protractor,2020-04-16T20:41:56Z,1809,6809.715270996094
casperjs,casperjs,2018-09-12T19:53:32Z,2226,6897.137641906738
bendc,frontend-guidelines,2019-05-22T21:26:22Z,20,6443.700790405273
shekhargulati,52-technologies-in-2016,2019-02-23T17:02:03Z,170,7039.855003356934
erikras,redux-form,2023-03-28T07:19:31Z,2066,6705.010890960693
plataformatec,simple_form,2023-10-11T22:05:21Z,2063,6769.994497299194
FelisCatus,SwitchyOmega,2023-10-12T00:25:59Z,621,5560.634613037109
vurtun,nuklear,2019-12-01T23:01:55Z,1712,7224.969387054443
hashicorp,packer,2023-11-02T09:36:36Z,18302,7710.938215255737
mozilla,metrics-graphics,2022-05-31T15:04:48Z,1833,8021.265506744385
255kb,stack-on-a-budget,2023-10-30T14:33:33Z,788,6843.535423278809
louischatriot,nedb,2021-07-08T13:36:30Z,851,7253.164768218994
Famous,famous,2015-05-22T09:23:40Z,932,6130.824565887451
alibaba,druid,2023-10-10T14:37:20Z,6896,7531.597375869751
ubuwaits,beautiful-web-type,2023-10-30T13:06:41Z,436,6574.791193008423
StackExchange,Dapper,2023-10-22T07:54:13Z,1555,8772.694826126099
Mango,slideout,2018-03-01T11:47:11Z,155,7287.53137588501
sitaramc,gitolite,2023-11-03T01:19:59Z,632,5487.407207489014
cyclejs,cyclejs,2022-03-21T08:38:31Z,3130,6382.690906524658
OAI,OpenAPI-Specification,2023-10-19T16:19:11Z,1968,9237.63918876648
h4cc,awesome-elixir,2023-10-09T13:43:09Z,2101,7199.204444885254
git-up,GitUp,2023-09-24T00:53:17Z,456,6781.137943267822
flightjs,flight,2017-06-19T21:39:45Z,400,7203.256368637085
nightwatchjs,nightwatch,2023-10-31T11:09:26Z,2721,8585.167407989502
h2o,h2o,2023-10-31T03:15:41Z,11391,7817.564487457275
nlp-compromise,compromise,2023-09-15T12:07:31Z,5858,7698.783159255981
xing,wysihtml5,2014-12-18T17:26:41Z,166,8188.324451446533
twitter,twemoji,2023-01-10T10:19:32Z,426,7228.114128112793
google,agera,2018-02-27T18:35:01Z,160,7211.490869522095
bazelbuild,bazel,2023-11-04T10:04:31Z,37711,7266.132116317749
thoughtbot,guides,2023-10-17T18:38:22Z,558,7518.84126663208
howdyai,botkit,2022-04-12T18:52:13Z,3574,5835.268497467041
kaminari,kaminari,2023-10-14T20:43:05Z,1680,6251.735687255859
rasbt,python-machine-learning-book,2022-08-23T11:32:52Z,534,7101.772308349609
Quick,Quick,2023-11-02T23:22:56Z,2091,5699.976205825806
sferik,rails_admin,2023-10-28T03:54:57Z,5012,8507.235050201416
NaturalNode,natural,2023-10-15T19:57:21Z,1424,7187.567949295044
SignalR,SignalR,2023-02-20T00:20:49Z,4732,6925.977945327759
morrisjs,morris.js,2016-09-13T17:49:44Z,421,6651.171684265137
akveo,ng2-admin,2023-10-29T14:06:39Z,552,8465.508460998535
aFarkas,lazysizes,2021-05-17T09:26:41Z,854,7369.853496551514
tuupola,jquery_lazyload,2019-04-11T16:02:33Z,41,7500.899791717529
maxogden,art-of-node,2016-09-28T17:38:00Z,207,6157.697916030884
CachetHQ,Cachet,2023-10-27T12:26:37Z,7299,6841.289520263672
alexa,alexa-avs-sample-app,2023-10-27T12:26:37Z,749999,450.4435062408447
Theano,Theano,2022-12-20T16:49:55Z,28132,7365.633964538574
jigish,slate,2013-02-24T04:25:56Z,565,7476.358413696289
jp9000,obs-studio,2023-06-04T10:49:25Z,13536,8226.941585540771
desandro,imagesloaded,2022-02-21T17:51:11Z,261,5986.388444900513
react-toolbox,react-toolbox,2019-05-29T18:45:23Z,2396,7551.912069320679
Microsoft,api-guidelines,2023-10-25T20:15:39Z,802,7836.908340454102
nikitavoloboev,learn-anything,2023-11-01T10:46:32Z,477,7776.122570037842
rethinkdb,horizon,2021-01-26T23:31:29Z,992,6327.0018100738525
Kotlin,anko,2019-12-05T08:59:40Z,1064,7296.793222427368
PureLayout,PureLayout,2022-12-18T03:57:43Z,318,7010.695695877075
roughike,BottomBar,2020-09-02T05:25:13Z,770,6470.921516418457
mdo,code-guide,2023-06-22T20:44:27Z,248,6306.786060333252
google,python-fire,2023-10-05T15:39:58Z,288,6305.109024047852
mobile-shell,mosh,2023-08-08T02:07:52Z,1451,6659.382343292236
bodymovin,bodymovin,2023-09-14T13:29:24Z,2418,7174.253940582275
thoughtbot,laptop,2023-10-04T00:46:53Z,398,7134.3090534210205
boltdb,bolt,2018-03-02T18:00:52Z,816,7155.116319656372
braziljs,js-the-right-way,2021-01-09T21:39:33Z,725,6617.452144622803
plotly,plotly.js,2023-10-31T16:11:38Z,25515,7533.660173416138
poteto,hiring-without-whiteboards,2023-11-03T21:11:17Z,2031,5519.836902618408
chrisjenx,Calligraphy,2018-05-22T16:22:54Z,309,7082.629680633545
eliangcs,http-prompt,2022-01-21T21:56:58Z,391,8678.294658660889
robertdavidgraham,masscan,2023-11-05T02:28:57Z,776,6689.812421798706
ElemeFE,mint-ui,2018-01-16T09:38:38Z,304,7147.597789764404
lhc70000,iina,2023-10-20T12:49:34Z,3302,8034.57498550415
