Repo,Owner,Z,T_X_n,Percentile_95,MeanInterval(days),SDInterval,Label,TimeSinceLastCommit(days),Status,Last_Commit_Date
campus_recruitmen_questions,0voice,1468386.0,68899153.0,57748.88000000003,0.07482689534772868,73483.95405675372,dead,797.4439004629629,False,2021-08-25T13:20:47Z
developer_quest,2d-inc,6848421.0,122169888.0,500962.8200000006,0.6283623260437375,487803.4636788909,dead,1414.0033333333333,False,2019-12-17T23:55:12Z
iOS-Developer-and-Designer-Interview-Questions,9magnets,52066745.0,202473979.0,36757206.97999994,20.48470338070629,8236623.975784693,dead,2343.4488310185184,False,2017-06-01T13:13:41Z
Leetcode-Questions,AbhishekChourasiya,356.0,123501401.0,356.0,0.004120370370370371,,dead,1429.414363425926,False,2019-12-02T14:03:19Z
node-restful-api-tutorial,academind,126883.0,186837657.0,125676.79,0.7705150462962963,85291.92705350254,dead,2162.4728819444445,False,2017-11-29T12:39:03Z
QuSimPy,adamisntdead,38543496.0,166963806.0,29657679.359999992,21.108071689113356,6988715.204678048,dead,1932.4514583333332,False,2018-07-17T13:09:54Z
backbone-fundamentals,addyosmani,36341992.0,185787248.0,1794634.650000002,1.6097463775538075,1089816.5917984257,dead,2150.31537037037,False,2017-12-11T16:25:52Z
QQ,adiew-code,3740076.0,244159957.0,1570604.9499999941,1.0581590249888444,375431.79215967667,dead,2825.9254282407405,False,2016-02-05T01:47:23Z
Daily-Interview-Question,Advanced-Frontend,13667537.0,93912781.0,3003633.0,2.6278717537258376,1074077.630131853,dead,1086.9534837962963,False,2020-11-09T01:06:59Z
qbit,advantageous,17727564.0,182494662.0,591294.8999999964,0.7235599315807649,609441.6668370963,dead,2112.2067361111112,False,2018-01-18T19:02:18Z
AeroQuad,AeroQuad,100164869.0,224782534.0,1006703.7400000013,1.806633730377729,2627781.604726096,dead,2601.649699074074,False,2016-09-16T08:24:26Z
qr-image,alexeyten,51001838.0,164010569.0,41480116.0,32.17945783405955,8571946.835133,dead,1898.270474537037,False,2018-08-20T17:30:31Z
Algo-Quicksheet,algorhythms,12627398.0,219012536.0,5556718.559999993,3.39335552311866,1218163.1036978562,dead,2534.867314814815,False,2016-11-22T03:11:04Z
hangzhouYunQi2017ppt,Alibaba-Technology,239541.0,189083575.0,235032.40000000002,1.2029706790123458,89302.02962232531,dead,2188.467303240741,False,2017-11-03T12:47:05Z
ZenQ,alphadose,5417638.0,30393305.0,1694593.6400000013,0.9002458582461385,421508.660729276,dead,351.7743634259259,verify,2024-01-19T05:22:52Z
amazeui,amazeui,16680884.0,210165295.0,967167.29,0.7378181240219093,509199.6049048255,dead,2432.4686921296297,True,2024-02-26T08:16:09Z
aws-cognito-angular-quickstart,amazon-archives,31612009.0,111639572.0,17751310.360000074,10.191558669730883,3512655.63929831,dead,1292.1246759259259,False,2020-04-17T21:00:28Z
javascript-interview-questions,anburocky3,985908.0,74374237.0,927420.0599999998,1.7745674189814815,340764.4420450406,dead,860.8129282407407,False,2021-06-23T04:29:23Z
bootstrap,angular-ui,21349060.0,190797878.0,689131.5199999996,0.8855803403850279,490803.9879488749,dead,2208.3087731481482,False,2017-10-14T16:35:22Z
material,angular,9083513.0,49092094.0,919538.6699999971,0.5741701987709212,258553.0387651047,dead,568.1955324074074,False,2022-04-11T19:18:26Z
protractor,angular,15790455.0,111727084.0,1544219.4400000006,1.464420067191085,540186.1871731639,dead,1293.1375462962963,False,2020-04-21T21:46:27Z
quickstart,angular,30786436.0,189334222.0,7739268.080000012,5.922528864611563,2564665.013550258,dead,2191.3683101851852,False,2017-10-31T15:09:38Z
DSA-Must-Do-Questions,ankushchimnani,3983112.0,77101634.0,220257.71000000017,0.22194943768436579,210600.78849231568,dead,892.3800231481481,False,2021-05-22T14:52:46Z
qqgroup-visualization,antime,276.0,175215150.0,275.38,0.0028356481481481483,43.840620433565945,dead,2027.953125,False,2018-04-13T01:07:30Z
500lines,aosabook,17683743.0,211977496.0,387340.15,0.36270370861987594,319036.306441027,dead,2453.4432407407407,False,2017-02-11T13:21:44Z
Quizzler-iOS13,appbrewery,6321838.0,127130012.0,5989465.04,11.249430298353909,2127088.1596770254,dead,1471.412175925926,False,2019-10-21T14:06:28Z
a-quick-puzzle,appdev-projects,8229748.0,109420337.0,8128616.420000001,15.149410686728395,3024385.14391283,dead,1266.4390856481482,False,2020-05-13T13:27:43Z
qlbridge,araddon,25882977.0,78720583.0,2284558.4000000344,2.245205660714909,1087381.9175730771,dead,911.1178587962963,False,2021-05-03T21:10:17Z
qrcode,aralejs,20894058.0,255205242.0,17536858.050000023,10.022040401593454,3226128.019439325,dead,2953.764375,False,2015-09-30T05:39:18Z
phantomjs,ariya,38218024.0,104143912.0,1612419.320000005,1.7815387012907133,1162867.567446726,dead,1205.369351851852,False,2020-07-13T15:08:08Z
system-design-questions,arpitbbhayani,7321631.0,49245957.0,4513911.8000000045,2.3661757990867582,946763.6059395514,dead,569.9763541666666,False,2022-04-10T00:34:03Z
qualitymatters,artem-zinnatullin,12292132.0,189320174.0,3720200.49999995,2.534388640873016,1049141.1587311903,dead,2191.2057175925925,False,2017-10-31T19:03:46Z
qlora,artidoro,2159662.0,8606906.0,975156.8600000044,0.8042057920692431,256902.5115275041,dead,99.61696759259259,False,2023-07-24T09:11:34Z
node-qt,arturadib,55910182.0,295950250.0,46106596.800000034,38.086795634920634,12189458.75006007,dead,3425.350115740741,False,2014-06-15T15:35:50Z
QRCode,aschuch,7363219.0,218646608.0,6199147.229999993,11.140668402777777,1632665.986356189,dead,2530.632037037037,False,2016-11-26T08:49:52Z
Competitive-Programming-questions,ashutosh97,29244119.0,94223634.0,3002689.0800000257,2.3381630847208066,1954435.4034494257,dead,1090.5513194444445,False,2020-11-05T10:46:06Z
Wine-QQ-TIM,askme765cs,18069004.0,183124466.0,11164999.899999972,5.4936049203273045,2759062.8248704337,dead,2119.496134259259,False,2018-01-11T12:05:34Z
Quick-Chat,aslanyanhaik,34279416.0,124974900.0,20029782.93000004,10.465638604613385,3961054.1998104965,dead,1446.46875,False,2019-11-15T12:45:00Z
beego,astaxie,22464106.0,90937417.0,855713.1999999987,0.8027201421932828,402036.8333153971,dead,1052.516400462963,False,2020-12-13T11:36:23Z
CodeQL,ASTTeam,7400989.0,26607858.0,7118590.439999998,5.498732219538379,1367679.1450800726,dead,307.9613194444444,False,2023-11-21T04:58:42Z
jQuery-Knob,aterrien,24526719.0,248500038.0,11776803.350000035,10.919351426334423,2772175.472978827,dead,2876.1578472222222,False,2015-12-16T20:12:42Z
visual-qa,avisingh599,37529818.0,201485347.0,15672676.669999944,8.827243668300653,4587308.610636668,dead,2332.0063310185187,False,2017-06-12T23:50:53Z
aws-amplify-quick-notes,aws-samples,10549335.0,33962153.0,9716946.869999994,9.806845572301023,1951961.4658593433,dead,393.08047453703705,False,2022-10-03T22:04:07Z
react-quickly,azat-co,18510707.0,160884944.0,5101166.579999996,2.8621786274911276,1386081.0430830652,dead,1862.0942592592592,False,2018-09-25T21:44:16Z
service-fabric-dotnet-quickstart,Azure-Samples,19919417.0,78423706.0,18745163.11,31.828793402777777,5084032.5684528975,dead,907.6817824074074,False,2021-05-07T07:38:14Z
AnyQ,baidu,33967514.0,92230032.0,11776682.389999885,9.9993359375,3834847.4866368896,dead,1067.4772222222223,False,2020-11-28T12:32:48Z
CKAD-Practice-Questions,bbachi,178174.0,125092361.0,107816.97000000004,0.054631734006734003,26851.532343154562,dead,1447.8282523148148,False,2019-11-14T04:07:19Z
react-native-queue,billmalarky,4825733.0,174721426.0,3460793.4799999883,3.263192554799698,798337.1883490174,dead,2022.2387268518519,False,2018-04-18T18:16:14Z
interview-questions,biloocabba,473300.0,48708117.0,110899.35999999674,0.07868864346273985,51978.75396050023,dead,563.7513541666667,False,2022-04-16T05:58:03Z
pyspider,binux,22090702.0,102407140.0,2593965.5400000024,2.0068098320778405,1111492.7809132524,dead,1185.267824074074,False,2020-08-02T17:34:20Z
cordova-plugin-qrscanner,bitpay,27046860.0,144921721.0,12456474.960000025,8.863492759676971,2910067.815497208,dead,1677.3347337962964,False,2019-03-29T15:57:59Z
QuincyKit,bitstadium,35535243.0,288019249.0,5063131.969999998,5.481235868863049,2200581.0200179033,dead,3333.556122685185,False,2014-09-15T10:39:11Z
Queen-Ashiya,BlackPanther-svg,2106883.0,40052846.0,519329.1599999952,0.3162743807118807,140927.18164385384,dead,463.57460648148145,False,2022-07-25T10:12:34Z
AndroidUtilCode,Blankj,14253514.0,31998260.0,1891535.9600000007,1.5947236963170308,611965.56729301,dead,370.3502314814815,False,2022-10-26T15:35:40Z
Multi-Level-Feedback-Queue,bloominstituteoftechnology,5329122.0,171074612.0,5035806.420000001,8.472977843915343,1487154.0820159344,dead,1980.0302314814815,False,2018-05-30T23:16:28Z
jQuery-File-Upload,blueimp,12668042.0,66232964.0,3414023.819999981,3.125529733649789,895891.3231909927,dead,766.5852314814815,False,2021-09-25T09:57:16Z
wanted-pre-onboarding-3-FE-quest,blueStragglr,907057.0,22196996.0,907057.0,10.498344907407407,,dead,256.9096759259259,False,2023-02-17T02:10:04Z
udemy-REACT-QUERY,bonnie,7102737.0,22050767.0,6783115.119999998,10.682454475308642,1687588.3780671612,dead,255.21721064814815,verify,2024-01-13T17:02:43Z
boot2docker,boot2docker,8560083.0,105944252.0,1463246.199999998,1.7511466552112143,437566.88818196685,dead,1226.2066203703703,False,2020-06-22T19:02:28Z
bower,bower,20513654.0,51523645.0,1465743.1999999983,1.245307556862667,865681.2802169761,dead,596.3384837962963,False,2022-03-14T15:52:35Z
GPUImage,BradLarson,3081253.0,234520218.0,1830311.6000000047,1.4468116584438278,331126.6694110895,dead,2714.354375,False,2016-05-26T15:29:42Z
QSKit,brentsimmons,9512215.0,289623828.0,8581950.599999994,9.329631772976681,2133473.777659734,dead,3352.1276388888887,False,2014-08-27T20:56:12Z
Qt-Nice-Frameless-Window,Bringer-of-Light,16939644.0,142593099.0,13700622.74999998,12.007805454911432,3074514.8931856155,dead,1650.3830902777777,False,2019-04-25T14:48:21Z
caffe,BVLC,24653820.0,117218364.0,521852.6800000006,0.5642667468912956,486244.14785204054,dead,1356.6940277777778,False,2020-02-13T07:20:36Z
MingQQ,bywyu,46923.0,300118868.0,45067.200000000004,0.1315547839506173,17788.76395556101,dead,3473.5980092592595,False,2014-04-28T09:38:52Z
React-QuizComponent,caike,304393.0,173344453.0,289230.6399999999,0.6943349358974359,90590.61396525892,dead,2006.301539351852,False,2018-05-04T16:45:47Z
QQ-Groups-Spider,caspartse,15828113.0,184075680.0,15343660.219999999,23.919790614478117,4987050.698527727,dead,2130.5055555555555,False,2017-12-31T11:52:00Z
casperjs,casperjs,14737506.0,162014788.0,1372618.6799999902,1.1524651997503121,493231.51601334836,dead,1875.1711574074075,False,2018-09-12T19:53:32Z
GoQuiet,cbeuw,13740569.0,139145256.0,8231288.000000002,3.200458348973974,1491783.3675710293,dead,1610.4775,False,2019-06-04T12:32:24Z
cdQA,cdqa-suite,7925684.0,110540991.0,1787711.9200000002,1.9037801485961767,599701.3810816277,dead,1279.4096180555555,False,2020-04-30T14:10:09Z
CNPROG,chagel,5099333.0,428535400.0,5072818.13,4.387094907407407,1153220.9469088926,dead,4959.900462962963,False,2010-04-03T02:23:20Z
ai_quant_trade,charliedream1,3674536.0,10577410.0,1149250.9000000001,1.2080496600115742,276875.31448540476,dead,122.42372685185185,verify,2024-01-21T15:26:07Z
linux-sysadmin-interview-questions,chassing,15520051.0,136549990.0,12471435.1,17.736796901067734,3082331.411138539,dead,1580.439699074074,verify,2024-01-16T13:48:18Z
quotebox,chilah,1073.0,128075532.0,1070.3,0.01085648148148148,190.91883092036784,dead,1482.3556944444445,False,2019-10-10T15:27:48Z
jQuery-,chokcoco,14952049.0,186524090.0,12705554.519999994,6.391288940809969,2221473.2010318353,dead,2158.843634259259,False,2017-12-03T03:45:10Z
quiz-app,chrisblakely01,363081.0,100362298.0,360022.02999999997,2.4320891203703705,216301.84304462132,dead,1161.6006712962962,False,2020-08-26T09:35:02Z
Hack,chrissimpkins,32109216.0,92800818.0,1532986.1000000024,1.4558577069716776,1349640.355515249,dead,1074.0835416666666,False,2020-11-21T21:59:42Z
quick-cocos2d-x,chukong,28528762.0,216826296.0,552098.5900000015,0.6705980845847986,633567.9166534201,dead,2509.563611111111,False,2016-12-17T10:28:24Z
pythondict-quant,Ckend,12713681.0,56548637.0,12033932.510000002,22.705290591931217,3553927.841686355,dead,654.4981134259259,verify,2024-01-07T15:33:23Z
FromJavaScriptTojQuery,Code-Institute-Solutions,10846857.0,120140661.0,9632314.670000004,12.135443672839507,2420274.273216362,dead,1390.5169097222222,False,2020-01-10T11:35:39Z
qr-code-scanner,code-kotis,26013634.0,89236819.0,20360878.359999977,20.632440359477126,4427690.692242497,dead,1032.8335532407407,False,2021-01-02T03:59:41Z
carouFredSel-jQuery,Codeinwp,28866464.0,241359296.0,28635833.150000002,176.190831404321,12354806.008518925,dead,2793.5103703703703,False,2016-03-08T11:45:04Z
jQueryBadgesProject,codeschool-projects,2665831.0,217587348.0,2543007.64,5.8320802875243665,787330.0042133146,dead,2518.372083333333,False,2016-12-08T15:04:12Z
Debugging-jQuery,Codingdojo-Trey,169.0,310104760.0,169.0,0.0019560185185185184,,dead,3589.175462962963,False,2014-01-02T19:47:20Z
PHP-Interview-QA,colinlet,14484160.0,34932898.0,11284266.280000001,4.281912741545894,1715108.8335436012,dead,404.31594907407407,False,2022-09-22T16:25:02Z
jQuery-Mobile-Bootstrap-Theme,commadelimited,18738222.0,308308471.0,16693295.909999996,29.573066165123453,4373856.821572575,dead,3568.3850810185186,False,2014-01-23T14:45:29Z
compass,Compass,44228557.0,228464179.0,895750.6599999947,0.8212248382576353,771020.3789114854,dead,2644.2613310185184,False,2016-08-04T17:43:41Z
quorum-examples,Consensys,9722732.0,31822823.0,6528627.559999978,6.586572983507824,1259734.384959027,dead,368.31971064814815,False,2022-10-28T16:19:37Z
Quantdom,constverum,23984435.0,146409065.0,22804079.459999993,32.7762399691358,7097221.427553038,dead,1694.549363425926,False,2019-03-12T10:58:23Z
SmartThings_MyQ,copy-ninja,8095452.0,236214100.0,7748693.479999997,7.263686929683307,1716171.6219845652,dead,2733.959490740741,False,2016-05-07T00:58:20Z
QuantumComputing,corbett,32314390.0,184824570.0,25345592.080000013,16.014194194194197,5642708.796032862,dead,2139.173263888889,False,2017-12-22T19:50:30Z
async-rl,coreylynch,23684587.0,180935407.0,20600135.42,10.68956634557945,3861917.135038642,dead,2094.1598032407405,False,2018-02-05T20:09:53Z
Material,CosmicMind,6280462.0,127470726.0,763776.1999999997,0.6074878882436702,228182.4316554027,dead,1475.355625,False,2019-10-17T15:27:54Z
unidbg-fetch-qsign,CrackerCat,46803.0,10900659.0,44126.75999999999,0.09309147509578544,12301.375397389013,dead,126.16503472222222,False,2023-06-27T20:02:21Z
react-native-qrcode,cssivision,20500457.0,153609434.0,15754692.200000018,13.882149777091906,3396478.470618078,dead,1777.8869675925926,False,2018-12-19T02:42:46Z
PyQt5,cxinping,37195729.0,90945916.0,866140.0,1.6905029958075508,1800544.6983645947,dead,1052.6147685185185,False,2020-12-13T09:14:44Z
android_device_qcom_common,CyanogenMod,36554408.0,216990416.0,3655083.199999989,8.848299890014323,2778625.196540066,dead,2511.4631481481483,False,2016-12-15T12:59:31Z
android_device_samsung_qcom-common,CyanogenMod,19543152.0,218843175.0,3559902.270000001,8.403379184472934,1515833.9780044805,dead,2532.9071180555557,False,2016-12-13T03:19:37Z
android_hardware_qcom_display,CyanogenMod,3564211.0,217802519.0,523313.93999999994,0.4682372708339949,138961.70372792688,dead,2520.862488425926,False,2016-12-06T03:18:01Z
android_hardware_qcom_media,CyanogenMod,18004080.0,217802452.0,3646094.2800000072,2.538463987062951,926678.1139925023,dead,2520.861712962963,False,2016-12-06T03:19:08Z
cyclejs,cyclejs,14273778.0,50944889.0,995108.3999999798,0.8599807690600476,510580.42900713516,dead,589.6399189814815,False,2023-11-29T13:13:38Z
Quintus,cykod,16295395.0,244357550.0,4206627.060000002,5.008463598402324,1342167.3770186868,dead,2828.212384259259,False,2016-02-02T18:54:10Z
ql,cznic,13328925.0,155914863.0,7801079.340000018,4.320071775522595,1289259.241002679,dead,1804.5701736111112,False,2018-11-22T10:18:57Z
d3-queue,d3,26859959.0,204446542.0,20197669.06000002,11.54366821911732,3613662.5882933456,dead,2366.2794212962963,False,2017-05-09T17:17:38Z
ng-file-upload,danialfarid,58241027.0,147498643.0,1494377.0500000003,1.7658558717936417,1745850.16842866,dead,1707.1602199074075,False,2019-02-27T20:09:17Z
Queen-Elisa-MD-OLD-PROJECT,DarkMakerofc,5870049.0,34338176.0,5184794.119999999,5.382427151416122,1443875.0764465726,dead,397.4325925925926,False,2022-09-29T13:37:04Z
react-redux-starter-kit,davezuko,6097359.0,198237079.0,1042585.829999998,0.7477876248902063,294558.53355642647,dead,2294.410636574074,False,2017-07-20T14:08:41Z
qrcodejs,davidshimjs,19625838.0,250348600.0,18288771.28000001,23.64812037037037,4309971.342059146,dead,2897.553240740741,False,2015-11-25T10:43:20Z
jQuery-One-Page-Nav,davist11,46610316.0,186030697.0,42796405.38999996,62.621399085096996,10034963.285617422,dead,2153.1330671296296,False,2017-12-08T20:48:23Z
jQuery-Stickem,davist11,40609019.0,274956501.0,36452417.06000001,47.132773513645226,10039471.325423948,dead,3182.3669097222223,False,2015-02-13T15:11:39Z
Quad-Sim,dch33,6741820.0,293493445.0,5260092.219999998,3.3336423611111115,1162053.679754637,dead,3396.9148726851854,False,2014-07-14T02:02:35Z
QtSharp,ddobrev,55694212.0,137287920.0,6817887.559999997,6.831521269672229,3359130.4053153656,dead,1588.9805555555556,False,2019-06-26T00:28:00Z
qwery,ded,34798611.0,268973087.0,5259453.450000001,4.58510250818654,2420907.462960065,dead,3113.1144328703704,False,2015-04-23T21:15:13Z
wxapp-qrcode,demi520,39056413.0,108839712.0,37748449.3,78.80458839699074,12567566.679551648,dead,1259.7188888888888,False,2020-05-20T06:44:48Z
Quest-System-Pro,devdogio,16899237.0,89047870.0,15982671.780000001,24.872535940545806,5004336.773666615,dead,1030.6466435185184,False,2021-01-04T08:28:50Z
quoteBook,DevMountain,44069036.0,168236364.0,31498180.360000007,31.586059553872055,7392207.3352657,dead,1947.180138888889,False,2018-07-02T19:40:36Z
linux-sysadmin-interview-questions,devopstrainingblr,6358487.0,289537132.0,5450504.899999998,6.390320713859021,1374066.4521560615,dead,3351.124212962963,False,2014-08-28T21:01:08Z
qemu-rpi-kernel,dhruvvyas90,15262337.0,41395498.0,14442049.120000016,18.102052334239833,3347185.5443837037,dead,479.1145601851852,False,2022-07-09T21:15:02Z
qart4j,dieforfree,17702575.0,206311920.0,17454199.86,23.55917352537723,5031368.574453538,dead,2387.8694444444445,False,2017-04-18T03:08:00Z
Queen-Nithya-MD,DileepaTech,1106856.0,2465100.0,715572.2200000002,0.44855324074074077,142684.38475644524,dead,28.53125,verify,2023-12-08T12:00:25Z
weapp-qrcode,dillonlfy,498596.0,152913264.0,485693.68,1.5630208333333333,217026.37391340252,dead,1769.8294444444443,False,2018-12-27T04:05:36Z
EX-3-SubQueries-Views-and-Joins,dineshgl,70637.0,3955839.0,67183.80000000002,0.14102237654320987,28641.38196153717,dead,45.78517361111111,False,2023-11-07T05:19:09Z
quant-notes,dingran,40753563.0,145432294.0,28309385.210000053,15.348061342592592,7195758.474198497,dead,1683.2441435185185,False,2019-03-23T18:08:26Z
QUEEN-HENTAI,dinuwah,1342483.0,4451791.0,487393.75999999524,0.17043728763166835,101370.13458831982,dead,51.525358796296295,False,2023-11-16T03:44:55Z
Interview-Questions,Divinreddy,10199713.0,117911416.0,9567155.579999994,13.624837962962962,2642270.552020186,dead,1364.7154629629629,verify,2023-12-28T09:31:54Z
QRCodeReaderView,dlazaro66,37305968.0,147614668.0,21144307.599999994,14.552193328079852,4717327.383807149,dead,1708.5031018518519,False,2019-02-26T11:55:32Z
kitematic,docker,23242657.0,75396985.0,1691224.0900000073,1.0623328503364118,698625.7386024636,dead,872.6502893518518,False,2021-06-11T08:23:35Z
materialize,Dogfalo,5768479.0,107767211.0,633374.199999999,0.538787182123444,218852.27196602421,dead,1247.3056828703704,False,2020-06-01T16:39:49Z
front-end-face-questions,dolymood,1895703.0,271012635.0,1871216.32,9.903993055555556,961179.7592396544,dead,3136.7203125,False,2015-03-31T06:42:45Z
ESP32_CAMERA_QR,donny681,23684604.0,123406828.0,21460349.220000003,36.69894736842105,5968522.864361495,dead,1428.3197685185185,False,2019-12-03T16:19:32Z
awesome-interview-questions,DopplerHQ,6801911.0,61708477.0,5070623.02,4.866903237640543,978798.1536895799,dead,714.2184837962963,False,2021-11-16T18:45:23Z
QFramer,dragondjf,32325937.0,173987099.0,19358910.75,8.012454032512627,3677757.3586718487,dead,2013.7395717592592,False,2018-04-27T06:15:01Z
QuickLearn,DSC-JSS-NOIDA,10267967.0,44878234.0,270464.26,0.6678122768084889,540687.1889079328,dead,519.4240046296296,False,2022-05-30T13:49:26Z
SlowQuitApps,dteoh,34684241.0,89657509.0,24698677.400000025,12.850879131819992,4394156.230995267,dead,1037.702650462963,False,2020-12-28T07:08:11Z
quartz-core-learning,dufyun,30052796.0,138549259.0,28706576.599999998,53.428451244212965,8718839.554620376,dead,1603.579386574074,False,2019-06-11T10:05:41Z
qbsolv,dwavesystems,21677724.0,58726114.0,8840288.770000001,4.370451836196099,1712671.0599554272,dead,679.7003935185185,False,2021-12-21T07:11:26Z
CodeIgniter-PHP-QR-Code,dwisetiyadi,93583445.0,249997101.0,77902541.5099999,71.38571527777778,20879731.52840108,dead,2893.484965277778,False,2015-11-29T12:21:39Z
jQuery2,eanplatter,18566.0,287652164.0,17660.77999999999,0.04013558201058201,6763.401134396947,dead,3329.3074537037037,False,2014-09-19T16:37:16Z
PR-Pao-de-Queijo-Request,education,11162949.0,30849333.0,19483.639999999028,0.1876837536194304,384504.4575952475,dead,357.0524652777778,False,2022-11-08T22:44:27Z
q-trader,edwardhdlu,93352.0,194005697.0,93306.24,0.6256275720164609,37714.53265578727,dead,2245.4363078703705,False,2017-09-07T13:31:43Z
quick4j,Eliteams,2145.0,221656539.0,2129.45,0.015827546296296298,1099.5510447450813,dead,2565.469201388889,False,2016-10-22T12:44:21Z
EliteQuant,EliteQuant,15614201.0,103344543.0,15605637.35,25.648799037524366,4321012.197581821,dead,1196.1173958333334,False,2020-07-22T21:10:57Z
DeepLearningBookQA_cn,elviswf,359.0,189158994.0,356.64,0.002275462962962963,146.80531325534508,dead,2189.3402083333335,False,2017-11-02T15:50:06Z
QueryingT-SQL,Engagendy,1269986.0,269537456.0,1257289.86,7.351608796296296,897752.6688893774,dead,3119.6464814814813,False,2015-04-17T08:29:04Z
quick-SQL-cheatsheet,enochtangg,13191361.0,138422816.0,8459677.46999998,5.096888194444444,1949476.3248735517,dead,1602.115925925926,False,2019-06-12T21:13:04Z
dropzone,enyo,18755113.0,49881488.0,6136428.4799999995,3.3684927375054765,1318912.147879502,dead,577.332037037037,False,2022-04-02T16:01:52Z
QuickDialog,escoz,40094322.0,252123571.0,1594069.6400000006,1.9885617760617762,1477197.239869221,dead,2918.0968865740742,False,2015-11-04T21:40:29Z
interview-questions,Eshwardvp,31348.0,49196257.0,18322.649999999885,0.013354377104377103,4207.370057078744,dead,569.4011226851852,False,2022-04-10T14:22:23Z
QorumLogs,Esqarrouth,31669402.0,174104306.0,8773169.999999993,6.150302780745489,2777959.512325726,dead,2015.0961342592593,False,2018-04-25T21:41:34Z
quickstart-map-js,Esri,26027700.0,251558805.0,6064014.539999997,5.072171670751635,2034503.2322756136,dead,2911.5602430555555,False,2015-11-11T10:33:15Z
QRdecomposition,etjabajasphin,6893213.0,56837475.0,6552671.650000001,13.458317901234569,2807510.252925582,dead,657.8411458333334,False,2022-01-12T03:48:45Z
express,expressjs,8469663.0,17580493.0,1591583.529999986,0.8717087183345512,376942.9890236462,dead,203.47792824074074,True,2024-02-26T19:20:53Z
Queuer,FabrizioBrancati,12465618.0,125479449.0,2791358.9999999967,2.1816314946747264,847524.8392712277,dead,1452.3084375,False,2019-11-09T16:35:51Z
AsyncDisplayKit,facebookarchive,22741927.0,183858197.0,274106.1200000007,0.3089333053019382,356970.00284545316,dead,2127.9883912037035,False,2018-01-03T00:16:43Z
three20,facebookarchive,27685914.0,298767214.0,954211.0800000003,1.08991315862148,852184.180462331,dead,3457.9538657407406,False,2014-05-14T01:06:26Z
DPR,facebookresearch,5278612.0,52026594.0,4013247.86,4.310743220899471,816752.7891600324,dead,602.1596527777778,False,2022-03-08T20:10:06Z
DrQA,facebookresearch,22563325.0,77500126.0,21318320.119999994,24.634732171864847,4874808.795603887,dead,896.992199074074,False,2021-05-18T00:11:14Z
QuaterNet,facebookresearch,8732093.0,156993643.0,8692399.26,78.09497685185185,2806771.272465571,dead,1817.0560532407408,False,2018-11-09T22:39:17Z
qtalk,fanshisha,1155.0,151789429.0,1138.06,0.00662037037037037,505.641177120693,dead,1756.8220949074075,False,2019-01-09T04:16:11Z
software-testing-interview-question,felix1982,9435997.0,173610690.0,8187738.119999999,8.36479302832244,2280529.7896108176,dead,2009.3829861111112,False,2018-05-01T14:48:30Z
qingcheng,fengluo,866742.0,260105414.0,837876.7199999997,0.5577077367315769,127102.51813549065,dead,3010.4793287037037,False,2015-08-04T12:29:46Z
qiankun-example,fengxianqi,15649107.0,44696824.0,13681619.880000003,17.462046421421423,3418240.2534999545,dead,517.3243518518518,False,2022-11-01T15:20:24Z
vue-qrcode,fengyuanchen,21211021.0,53548154.0,19775795.259999998,30.416653935185185,5916501.136447756,dead,619.7703009259259,False,2022-02-19T05:30:46Z
interview-questions,fex-team,38635370.0,257099700.0,35902845.68,60.43809927983539,12635290.989303993,dead,2975.690972222222,False,2015-09-08T07:25:00Z
bootstrap-material-design,FezVrasta,23688480.0,77207139.0,3622505.4399999995,1.7640477986921874,1060739.892533128,dead,893.6011458333334,False,2021-05-21T09:34:21Z
fine-uploader,FineUploader,11661080.0,156208234.0,1276308.4300000032,0.8437738850266293,394361.5180682352,dead,1807.9656712962963,False,2018-11-19T00:49:26Z
flutter-firebase-quizapp-course,fireship-io,19954399.0,43289900.0,19273298.619999997,24.087159919227737,5184641.282466644,dead,501.04050925925924,False,2022-06-17T23:01:40Z
quickstart-amazon-eks,firstval,2157098.0,148544086.0,2104724.12,1.5991056731334508,410521.5849814134,dead,1719.2602546296296,False,2019-02-15T17:45:14Z
quirk,Flaque,15711964.0,88835806.0,891284.6999999995,1.6122749269005847,1086770.892936155,dead,1028.192199074074,False,2021-01-06T19:23:14Z
QLDependency,FlechazoPh,7405632.0,25904843.0,2887250.800000006,1.2883598347178955,635163.0378236807,dead,299.82457175925924,verify,2024-01-29T04:05:46Z
fleetman-queue,fleetman-ci-cd-demo,343411.0,142228097.0,333902.3499999999,1.0803761574074073,167122.2176901284,dead,1646.1585300925926,False,2019-04-29T20:11:43Z
FLEX,Flipboard,8539236.0,20388413.0,3601697.959999998,2.5595278444978207,693775.1115366579,dead,235.97700231481483,True,2024-02-28T19:14:34Z
DRL-FlappyBird,floodsung,41164578.0,186411225.0,38093161.50000001,56.6281470959596,12426264.66483825,dead,2157.5373263888887,False,2017-12-04T11:06:15Z
Quads,fogleman,88243.0,298243725.0,85055.93000000001,0.08331500771604938,19926.317272277407,dead,3451.894965277778,False,2014-05-20T02:31:15Z
b2b-commerce-on-lightning-quickstart,forcedotcom,17184492.0,38133804.0,7915297.0,6.760086162551441,1839543.981543611,dead,441.36347222222224,False,2022-08-16T15:16:36Z
query-server,fossasia,6307161.0,155807357.0,5468906.700000001,3.913032780764636,933441.3424125885,dead,1803.3258912037038,False,2018-11-23T16:10:43Z
freecodecamp,FreeCodeCampChina,35835819.0,119105919.0,215113.65999999805,0.2556234884604754,443987.33813789097,dead,1378.5407291666668,False,2017-07-06T16:13:38Z
frozenui,frozenui,52203182.0,177278847.0,1808085.2399999867,2.5987491409866896,2459663.760238035,dead,2051.8385069444444,False,2018-03-20T03:52:33Z
Fuck-XueXiQiangGuo,fuck-xuexiqiangguo,26769153.0,82321088.0,23528841.420000017,22.26812397875817,5444401.650572528,dead,952.7903703703704,False,2021-03-23T05:01:52Z
Faker,fzaninotto,8481716.0,91116046.0,1121086.999999998,1.2715564952067233,367272.8030271825,dead,1054.5838657407407,False,2020-12-11T09:59:14Z
quran-api,gadingnst,12988619.0,33642749.0,10672939.159999993,9.370753161698284,2362995.604758031,dead,389.3836689814815,False,2022-10-07T14:47:31Z
queryloader2,Gaya,39681175.0,186246700.0,8156508.479999998,6.397530875252042,2705553.4718843233,dead,2155.6331018518517,False,2017-12-06T08:48:20Z
quizizz-cheat,gbaranski,12719487.0,59842747.0,8531854.559999958,5.168481615673644,1785532.4991585044,dead,692.624386574074,False,2021-12-08T09:00:53Z
Interview_Questions,GDSC-JSCOE,4104730.0,27366569.0,72326.95000000003,0.08485926596886742,132529.18716387948,dead,316.7426967592593,False,2022-12-19T06:10:31Z
oc-install-ide-quiz,geoffreyarthaud,88034.0,135917251.0,88034.0,1.018912037037037,,dead,1573.1163310185186,False,2019-07-11T21:19:47Z
qtunnel,getqujing,43321213.0,206294056.0,41327622.609999985,50.83407175925926,11693798.325994918,dead,2387.662685185185,False,2017-04-18T08:05:44Z
quinedb,gfredericks,11340720.0,197447700.0,11173801.36,21.406400462962964,3867818.1939163804,dead,2285.2743055555557,False,2017-07-29T17:25:19Z
the_silver_searcher,ggreer,13780239.0,90629453.0,1995797.500000001,1.6124613991119037,555486.4953933562,dead,1048.9520023148148,False,2020-12-17T01:09:07Z
stackoverflow-java-top-qa,giantray,22387215.0,130116540.0,7811775.299999962,4.050930454911433,1706789.7995364715,dead,1505.9784722222223,False,2019-09-17T00:31:00Z
qgis-earthengine-examples,giswqs,20551033.0,62674166.0,15449983.750000017,10.05022437169312,3222122.048337896,dead,725.3954398148148,False,2021-11-05T14:30:34Z
qt-1,GLDsuh-a,4659.0,258065507.0,4614.23,0.028015046296296295,3165.7170593721735,dead,2986.8692939814814,False,2015-08-28T03:08:22Z
qml,go-qml,9320674.0,275305769.0,1404840.7400000007,1.5934787241285402,722787.6495954301,dead,3186.409363425926,False,2015-02-09T14:10:31Z
natural-questions,google-research-datasets,31436816.0,71192385.0,30558817.339999992,51.1155407664609,9139484.00606952,dead,823.9859375,False,2021-07-30T00:22:06Z
mirror-quickstart-java,googleglass,25415201.0,286005664.0,12742228.840000037,9.167504904268675,3344658.956866708,dead,3310.2507407407406,False,2014-10-08T17:58:56Z
mirror-quickstart-python,googleglass,5228984.0,319076384.0,4276219.039999996,5.458855363984674,1066454.917355305,dead,3693.013703703704,False,2013-09-20T23:40:16Z
guetzli,google,42075700.0,126789299.0,20245523.699999914,9.436924189814814,4284528.190175536,dead,1467.468738425926,False,2019-10-25T12:45:01Z
material-design-lite,google,3086505.0,200198460.0,498098.6000000037,0.41014399260807305,152985.54907572808,dead,2317.1118055555557,False,2017-06-27T21:19:00Z
proto-quic,google,41373752.0,141547061.0,8146496.619999956,8.904308654126568,3760788.2722229045,dead,1638.2761689814815,False,2019-05-07T17:22:19Z
traceur-compiler,google,9247839.0,224839345.0,1206160.44,1.1548022567101515,354762.8050192338,dead,2602.3072337962963,False,2016-09-15T16:37:35Z
WebFundamentals,google,4062608.0,38654514.0,361001.01999999734,0.2718004162906727,100227.18887762963,dead,447.3902083333333,False,2022-08-10T14:38:06Z
quiz,gophercises,27818518.0,134912544.0,20779739.32000001,17.793246996997,4915111.538374088,dead,1561.4877777777779,False,2019-07-23T12:17:36Z
React-Query-Tutorials,gopinav,194474.0,68752402.0,192719.21,0.688002700617284,61443.641856012124,dead,795.7453935185185,False,2021-08-27T06:06:38Z
Awesome-Quant-Machine-Learning-Trading,grananqvist,43302422.0,96621102.0,38684315.279999994,41.342287581699345,10806536.324872762,dead,1118.2997916666666,False,2020-10-08T16:48:18Z
boxes-jQuery-playground,gSchool,46724120.0,203309220.0,45198404.76,146.45664120370373,19490566.075924315,dead,2353.1159722222224,False,2017-05-22T21:13:00Z
qrcode-terminal,gtanner,45330622.0,177219476.0,45004058.5,36.21150644517066,10049199.783428771,dead,2051.1513425925928,False,2018-03-20T20:22:04Z
QSS,GTRONICK,20895942.0,62399683.0,20832631.9,18.383030125195617,4181594.9502024692,dead,722.2185532407408,False,2021-11-08T18:45:17Z
CV_interviews_Q-A,GYee,1283549.0,101399705.0,1018586.0,0.8751415245691236,189571.250953138,dead,1173.6076967592592,False,2020-08-14T09:24:55Z
hammer,hammerjs,29159685.0,139731036.0,2338511.7499999977,2.206343365485686,1291486.1666642511,dead,1617.257361111111,Error,
Quiver,HappenApps,12272506.0,275944221.0,11658889.450000003,23.674822530864198,5010186.973320443,dead,3193.798854166667,False,2015-02-02T04:49:39Z
QuickCut,HaujetZhao,1144658.0,99056231.0,336247.0,0.2651236295374977,107011.86889956698,dead,1146.4841550925926,False,2020-09-10T12:23:53Z
Bloodhound-Custom-Queries,hausec,13314199.0,76971913.0,13262798.2,25.141739969135806,4355528.896987659,dead,890.8786226851852,False,2021-05-24T02:54:47Z
QuantumultX,Hedilict,26285229.0,56578039.0,447340.1999999998,1.5731976669244652,1522313.1863673253,dead,654.8384143518518,False,2022-01-15T03:52:41Z
ZeroNet,HelloZeroNet,6477936.0,87255341.0,706554.7500000012,0.5468926854837228,183412.03913802592,dead,1009.8997800925926,False,2021-01-25T02:24:19Z
jQuery,hilios,30220859.0,215597104.0,20558138.530000072,8.896618200231481,3362413.978580929,dead,2495.336851851852,Error,
QuadriFlow,hjwdzh,10130169.0,123051477.0,4462787.099999999,3.335422721622085,1089592.2376023398,dead,1424.2069097222222,False,2019-12-07T19:02:03Z
Java-interview-questions,Homiss,31012135.0,134769795.0,30331949.940000005,19.514727400097467,6790475.091237578,dead,1559.8355902777778,False,2019-07-25T03:56:45Z
php-engineer-interview-questions,hookover,17403690.0,139836994.0,11554418.099999964,8.572980324074074,2672394.470934332,dead,1618.4837268518518,False,2019-05-27T12:23:26Z
kaggle-quora-question-pairs,HouJP,13669259.0,185044106.0,420177.0,0.7222696121318168,704934.9240433001,dead,2141.7141898148147,False,2017-12-20T06:51:34Z
botkit,howdyai,21685053.0,49007267.0,780274.1999999998,0.6781337008012771,462017.61070842104,dead,567.213738425926,False,2022-04-12T18:52:13Z
quora,huacnlee,4059969.0,380569967.0,795069.3600000009,0.3717615824459179,217663.3475482011,dead,4404.744988425926,False,2011-10-10T06:07:13Z
qr,iAJue,298918.0,133832538.0,297581.92,1.7003356481481482,141674.6520976847,dead,1548.9877083333333,False,2019-08-05T00:17:42Z
jQuery-Parallax,IanLunn,42734189.0,281969292.0,41228912.919999994,75.46091049382716,13348955.276376305,dead,3263.5334722222224,False,2014-11-24T11:11:48Z
TaskQueue,icanzilb,44101856.0,175944609.0,19412508.43999993,16.86853729110208,5343783.136515896,dead,2036.3959375,False,2018-04-04T14:29:51Z
Quake,id-Software,5468.0,370749403.0,5468.0,0.06328703703703703,,dead,4291.08105324074,False,2012-01-31T22:03:17Z
image-quality-assessment,idealo,10913811.0,125576129.0,9392617.03999999,6.674750631313132,1920340.0837252866,dead,1453.4274189814814,False,2019-11-08T13:44:31Z
jQuery-Mask-Plugin,igorescobar,24210191.0,113736553.0,5897722.4700000025,3.84351609462866,1497564.2672511414,dead,1316.395289351852,False,2020-03-24T14:30:47Z
qb-vehicleshop,ImpulseFPS,2589241.0,75672546.0,2394802.419999999,4.227912037037036,714811.9281046488,dead,875.8396527777778,False,2021-06-08T03:50:54Z
JavaInterviewQuestionsAndAnswers,in28minutes,25771421.0,116020947.0,24630750.200000003,36.24082994579946,6614731.059172502,dead,1342.8350347222222,False,2023-11-15T00:47:29Z
readpilot,index-labs,502955.0,23012313.0,500253.97000000003,0.5648679832175926,120692.4422007361,dead,266.3462152777778,False,2023-02-07T15:41:27Z
prometheus-example-queries,infinityworks,31438828.0,96915466.0,31002896.0,92.23620061728396,11412433.206146222,dead,1121.7067824074074,False,2020-10-05T07:02:14Z
jQuery-webcam,infusion,86668823.0,189755833.0,72685549.46000002,92.7399718915344,17772382.659108724,dead,2196.24806712963,False,2017-10-26T18:02:47Z
instapy-quickstart,InstaPy,13882411.0,98338570.0,8230771.2999999765,8.565499315336464,1905475.4652502001,dead,1138.1778935185184,False,2020-09-18T19:43:50Z
Qigsaw,iqiyi,5399280.0,72565825.0,3192950.480000021,2.429971495565144,586391.4853285702,dead,839.8822337962963,False,2021-07-14T02:49:35Z
2023_IonQ_Remote,iQuHACK,27290.0,23827698.0,26347.57999999999,0.0920056216931217,9791.126317815973,dead,275.7835416666667,False,2023-01-29T05:11:42Z
toxcore,irungentoo,49134370.0,160226158.0,202766.38999999972,0.5112790702672168,851551.1797523157,dead,1854.4694212962963,False,2018-10-03T12:44:02Z
isucon7-qualify,isucon,11139666.0,166902243.0,10977963.69,33.51478298611111,4523443.785391889,dead,1931.7389236111112,False,2018-07-18T06:15:57Z
isucon9-qualify,isucon,24905634.0,97237723.0,76870.13999999975,0.26299268744223037,611776.891365775,dead,1125.4366087962962,True,2024-03-01T12:42:47Z
int-buzzfeed-quiz-18-19-starter,itscodenation,7834051.0,154835351.0,7549654.78,17.518957175925927,2676289.5417827372,dead,1792.0758217592593,False,2018-12-04T22:10:49Z
React-Questions,itwk,31223.0,87600740.0,30602.38,0.12135416666666667,17959.795628013144,dead,1013.8974537037037,False,2021-01-21T02:27:40Z
iview,iview,5849869.0,105309629.0,505358.0700000001,0.47295712244835597,180915.89488428572,dead,1218.8614467592593,False,2020-06-30T03:19:31Z
quicksort17,j-michaliszyn,2243.0,222086734.0,2180.64,0.007847222222222222,905.863400298301,dead,2570.448310185185,False,2016-10-17T13:14:26Z
qucsdk,jack416,2042.0,128105133.0,1862.1499999999996,0.004486400462962963,482.1739485566041,dead,1482.698298611111,False,2019-10-10T07:14:27Z
quantumcomputingbook,JackHidary,22316759.0,64623265.0,8754375.100000024,4.81436429834357,2028553.717322616,dead,747.9544560185185,False,2021-10-14T01:05:35Z
QuiltViewLibrary,jacobmoncur,12796047.0,305977433.0,12480596.25,16.890306712962964,3525790.011944409,dead,3541.405474537037,False,2014-02-19T14:16:07Z
QueryList,jae-jae,32597100.0,70397705.0,28074230.930000003,18.13570296859359,4856175.461169134,dead,814.7882523148148,False,2021-08-08T05:04:55Z
qbt-theme,jagannatharjun,16352587.0,66846353.0,15904594.400000002,16.92791255144033,3416759.4855884295,dead,773.6846412037037,False,2021-09-18T07:50:03Z
awesome-shodan-queries,jakejarvis,18320436.0,111573715.0,15229534.400000012,17.08967647707231,3963335.299894881,dead,1291.3624421296297,False,2020-04-18T15:18:05Z
ePub-quicklook,jaketmp,50908620.0,241754883.0,19158483.310000107,8.848294199211587,4346896.711068177,dead,2798.088923611111,False,2016-03-03T21:51:57Z
ActionBarSherlock,JakeWharton,43928035.0,279754618.0,844545.7600000014,0.9353417990759523,1153560.0717185135,dead,3237.9006712962964,False,2014-12-20T02:23:02Z
butterknife,JakeWharton,6813946.0,99611988.0,3288408.2800000003,2.699228265827404,676918.5349352587,dead,1152.9165277777777,False,2020-09-04T02:00:12Z
AudioQR,jamesonrader,16668078.0,81492640.0,14746246.219999988,10.359808564814815,2794017.1078093424,dead,943.2018518518519,False,2021-04-01T19:09:20Z
CsQuery,jamietre,17493106.0,248612040.0,4831507.5,2.9546155558916447,1313436.5661268688,dead,2877.454166666667,False,2015-12-15T13:06:00Z
jboss-picketlink-quickstarts,jboss-developer,60811805.0,176998123.0,6397034.759999994,7.72391830190282,4279999.283032033,dead,2048.589386574074,False,2018-03-23T09:51:17Z
starter-quotes,jedi-academy,31133622.0,193464217.0,29274550.559999984,51.88341931216931,11752072.211035902,dead,2239.1691782407406,False,2017-09-13T19:56:23Z
osqa,jeffreywugz,10692405.0,318239778.0,1843562.6199999778,1.2826921808719212,535425.6681139144,dead,3683.3307638888887,False,2013-09-30T16:03:42Z
priority-queue,Jeka98,34465629.0,179576988.0,32948957.199999996,69.32138310185185,12334188.331174498,dead,2078.437361111111,False,2018-02-21T13:30:12Z
jquery-qrcode,jeromeetienne,76984456.0,168230198.0,59228409.999999925,73.43441775977365,14433205.536731714,dead,1947.1087731481482,False,2018-07-02T21:23:22Z
JSQMessagesViewController,jessesquires,9466531.0,180781494.0,1242087.0800000026,1.062571449082201,490664.64477084065,dead,2092.378402777778,False,2018-02-07T14:57:39Z
SlickQuiz,jewlofthelotus,30498958.0,238671948.0,11901363.359999936,10.618106404320988,3058528.576952338,dead,2762.4068055555554,False,2016-04-08T14:14:12Z
jQuery,jfeldstein,28671673.0,234527950.0,27363884.100000005,84.51413798309179,9680316.109840173,dead,2714.443865740741,Error,
go-queryset,jirfag,9442210.0,125233530.0,8958825.859999992,6.152377136752137,1592859.1413166763,dead,1449.4621527777779,False,2019-11-12T12:54:30Z
streisand,jlund,4689892.0,112141855.0,1802789.1199999999,1.5538066991358894,359060.4626835607,dead,1297.9381365740742,False,2020-04-12T01:29:05Z
SwiftSideslipLikeQQ,johnlui,15291638.0,222125248.0,14566151.309999995,27.739208912037036,4549468.544248441,dead,2570.894074074074,False,2016-10-17T02:32:32Z
angular-styleguide,johnpapa,11578252.0,186543281.0,969300.9600000121,1.077470305106869,555079.9700739944,dead,2159.0657523148147,False,2017-12-02T22:25:19Z
awesome-react-native,jondot,3184819.0,79454881.0,999897.3500000027,1.013481546955258,222037.21140405518,dead,919.6166782407407,False,2021-04-25T09:11:59Z
react-native-quick-actions,jordanbyron,14939006.0,109249123.0,12355538.119999982,16.123478946208113,2851856.68333632,dead,1264.4574421296297,False,2020-05-15T13:01:17Z
quill,joschan21,335908.0,2478866.0,334661.3,0.7719776234567901,116715.9964357112,dead,28.690578703703704,False,2023-10-03T07:25:34Z
quiz-2015,jquemada,5112891.0,267890792.0,4638345.280000002,7.043079710144927,1255964.1140906243,dead,3100.58787037037,False,2015-05-06T09:53:28Z
jQuery,JsAaron,13450887.0,216341783.0,2685099.2799999993,1.5990128786557358,770699.1799636028,dead,2503.9558217592594,False,2016-12-23T01:03:37Z
jshint,jshint,12025161.0,26537286.0,2163586.1200000006,1.9214273218446212,549559.1826777351,dead,307.14451388888887,False,2022-12-28T20:31:54Z
QQMusicApi,jsososo,11904304.0,41433521.0,7595991.320000001,9.405303368161741,1757853.6919312682,dead,479.5546412037037,False,2022-07-09T10:41:19Z
android_hardware_qcom_audio,Kali-,609689.0,356478119.0,602288.75,1.2815041844729345,192161.57128843025,dead,4125.904155092592,False,2012-07-15T07:57:11Z
jQuery-menu-aim,kamens,43412869.0,281162640.0,32411134.899999976,20.667235663082437,7827062.110624598,dead,3254.197222222222,False,2014-12-03T19:16:00Z
reinforcejs,karpathy,12712595.0,249378510.0,12104149.800000003,21.050854377104375,4115374.5987753975,dead,2886.3253472222223,False,2015-12-06T16:11:30Z
Queen-Elisa-Md-V2,kawee208,185529.0,38950435.0,182204.52,0.5164326131687244,72374.00055748227,dead,450.8152199074074,False,2022-08-07T04:26:05Z
Llama-2-Open-Source-LLM-CPU-Inference,kennethleungty,2050704.0,6361352.0,1467427.539999994,1.2610069444444445,350261.96025260864,dead,73.62675925925926,False,2023-11-06T14:03:21Z
interview-questions-in-javascript,kennymkchan,52335994.0,158274968.0,29908550.720000114,10.720675197669578,6201850.216675646,dead,1831.8862037037038,False,2018-10-26T02:43:52Z
quill-image-resize-module,kensnyder,36382925.0,166941478.0,25631780.03999999,14.510705667789,6325876.98161193,dead,1932.1930324074074,False,2018-07-17T19:22:02Z
deep-q-learning,keon,28624825.0,121444000.0,21617922.120000016,21.943223861882718,5010746.686823062,dead,1405.601851851852,False,2019-12-26T09:33:20Z
quiver,keplr-io,20329428.0,169617511.0,8619241.919999938,6.599015414562289,2440923.569743688,dead,1963.1656365740741,False,2018-06-16T20:01:29Z
android-training-course-in-chinese,kesenhoo,9356054.0,192923446.0,1518055.4499999946,0.735642004766466,448566.81943434116,dead,2232.9102546296294,False,2017-09-20T02:09:14Z
stock_market_reinforcement_learning,kh-kim,6052622.0,216318352.0,5209232.239999999,4.688391203703704,1467505.485553163,dead,2503.68462962963,False,2016-12-23T07:34:08Z
DarQ,KieronQuinn,21501981.0,54260171.0,19407801.730000008,29.881490523726853,5435474.454050383,dead,628.011238425926,False,2022-02-10T23:43:49Z
Unity-QuickSheet,kimsama,21871191.0,117727151.0,10630110.79999999,6.564940153568202,2190119.3036089507,dead,1362.5827662037036,False,2020-02-07T10:00:49Z
QQCleaner,KitsunePie,12353374.0,43846909.0,1501391.7400000098,1.3889029790660226,702550.762515897,dead,507.48737268518516,False,2022-06-11T12:18:11Z
quick-notes,kkemple,6914730.0,124939982.0,6845911.89,40.206302083333334,4866175.224944176,dead,1446.0646064814814,False,2019-11-15T22:26:58Z
qoa,klaudiosinani,10292399.0,126694379.0,7244821.880000005,3.9549988901572806,1429428.56134364,dead,1466.370127314815,False,2019-10-26T15:07:01Z
qc-mobile,kluivers,22473839.0,276509354.0,10876931.30999999,5.346261279817954,2423339.1415784713,dead,3200.3397453703706,False,2015-01-26T15:50:46Z
awesome-algorithm-question-solution,knightsj,15479927.0,141725669.0,572178.6399999951,1.871501473063973,1237604.328081995,dead,1640.3433912037037,False,2019-05-05T15:45:31Z
knockout,knockout,16494753.0,67812284.0,3011347.55,2.2727156283510683,789548.2422949248,dead,784.8643981481481,False,2021-09-07T03:15:16Z
qr-designer,kochrt,1726213.0,11523522.0,1492312.6199999992,1.3934197530864196,444459.1082333136,dead,133.37409722222222,False,2023-06-20T15:01:18Z
django-q,Koed00,9958345.0,74087744.0,3468472.839999993,1.7702627919083742,686978.9418086548,dead,857.497037037037,False,2021-06-26T12:04:16Z
120-Data-Science-Interview-Questions,kojino,9342866.0,118892768.0,8828902.999999996,16.800481582125602,2496798.4763498725,dead,1376.0737037037038,False,2020-01-24T22:13:52Z
spring-mvc-quickstart-archetype,kolorobot,40160754.0,152010323.0,9136499.44,12.346386428699232,3461506.139429079,dead,1759.378738425926,False,2019-01-06T14:54:37Z
Qure,Koolson,7419046.0,32031997.0,3603234.6499999873,2.0468869004107493,679950.813006744,dead,370.7407060185185,verify,2024-01-31T04:23:20Z
QuantumultX-Surge-API,KOP-XIAO,29977817.0,61235181.0,14648336.24000008,11.55439089275843,3757700.3798699197,dead,708.7405208333333,False,2021-11-22T06:13:39Z
anko,Kotlin,24112009.0,123260420.0,2601108.3799999473,1.8200700215149297,870645.227962258,dead,1426.6252314814815,False,2019-12-05T08:59:40Z
qr-code-styling,kozakdenys,11674458.0,76475676.0,9413902.499999976,5.0452205258693805,1589195.3179376773,dead,885.1351388888888,False,2021-05-29T20:45:24Z
quaternion,Krasjet,13005618.0,67591723.0,12614586.64,19.500720731324545,3041421.082259335,dead,782.3116087962962,False,2021-09-09T16:31:17Z
awesome-quantum-machine-learning,krishnakumarsekar,34423707.0,118244207.0,17784188.729999896,9.360849944272976,3791988.631076359,dead,1368.5672106481481,False,2020-02-01T10:23:13Z
DeepMind-Atari-Deep-Q-Learner,kuz,59840830.0,182119991.0,51118215.40000003,50.53157076719577,13266232.353496395,dead,2107.8702662037035,False,2018-01-23T03:06:49Z
coolq-http-api,kyubotics,4611248.0,102440557.0,1319595.7000000016,1.234351796140304,306597.6801015746,dead,1185.6545949074075,False,2020-08-02T08:17:23Z
attestation-deplacement-derogatoire-q4-2020,LAB-MI,1634927.0,91965486.0,1414384.75,1.2384980413105413,344835.5399287385,dead,1064.4153472222222,False,2020-12-01T14:03:15Z
qdaily_backup,LampScript,5607747.0,131621078.0,4209057.679999994,2.7066004150702425,1040980.7704379042,dead,1523.3921064814815,False,2019-08-30T14:35:22Z
quickadmin,LaravelDaily,17779912.0,143229140.0,10880335.519999996,8.081019329440906,2272254.2889699023,dead,1657.744675925926,False,2019-04-18T06:07:40Z
quickstart-basic,laravel,65182625.0,152270570.0,52031774.11999989,46.55122268518519,13029824.188652927,dead,1762.3908564814815,False,2019-01-03T14:37:10Z
quickstart-intermediate,laravel,15840489.0,217491130.0,14049886.439999985,16.319594907407406,3571060.1042221226,dead,2517.258449074074,False,2016-12-09T17:47:50Z
QuickReturnListView,LarsWerkman,21574343.0,321448147.0,19936004.42,30.87639351851852,6726161.799110565,dead,3720.4646643518518,False,2013-08-24T12:50:53Z
jQuery-Selectric,lcdsantos,15907234.0,183051950.0,8785978.639999982,8.271936621651296,1942952.9303653722,dead,2118.656828703704,False,2018-01-12T08:14:10Z
quicktest,Leagify,679388.0,193525993.0,440610.1499999978,0.30870122354497354,106682.84109030517,dead,2239.8841782407408,False,2017-09-13T02:46:47Z
active-record-querying-methods-lab,learn-co-curriculum,28324629.0,70684235.0,20389933.500000004,26.7474248777079,4863773.210249302,dead,818.1045717592592,False,2021-08-04T21:29:25Z
dsc-lingalg-linear-equations-quiz,learn-co-curriculum,14973096.0,125900313.0,14282859.359999994,28.952429665242164,4693383.089212326,dead,1457.1795486111112,False,2019-11-04T19:41:27Z
js-quotes-practice,learn-co-curriculum,20054741.0,72862267.0,18731077.249999993,22.410215126811593,4594495.484118745,dead,843.3132754629629,False,2021-07-10T16:28:53Z
phase-3-active-record-querying-methods-lab,learn-co-curriculum,28324629.0,71916520.0,18483670.080000006,25.880408065749236,4685972.491428148,dead,832.3671296296296,False,2021-07-21T15:11:20Z
phase-4-data-structures-queue-from-stack,learn-co-curriculum,543140.0,62768206.0,534139.28,1.6891655092592592,193271.09408200582,dead,726.4838657407407,False,2021-11-04T12:23:14Z
python-p3-sql-queries,learn-co-curriculum,9711780.0,30670925.0,9427707.389999997,28.80878472222222,4816482.662349154,dead,354.9875578703704,False,2023-11-20T16:46:58Z
classes-and-instances-lab-ruby-q-000,learn-co-students,57203666.0,187509449.0,55112625.72,155.19032175925926,24560908.07148479,dead,2170.2482523148146,False,2017-11-21T18:02:31Z
first-lab-ruby-learn-cli-ile-q-000,learn-co-students,6484918.0,237621702.0,6182444.2,10.608990618908381,1908856.403951637,dead,2750.2511805555555,False,2016-04-20T17:58:18Z
first-lab-ruby-learn-cli-nitrous-q-000,learn-co-students,6484918.0,238152712.0,6283268.799999998,15.032682514245014,2227593.172873627,dead,2756.3971296296295,False,2016-04-14T14:28:08Z
first-lab-ruby-learn-cli-osx-q-000,learn-co-students,951764.0,253570710.0,894718.5800000001,2.012195601851852,294896.17248450534,dead,2934.8461805555557,False,2015-10-19T03:41:30Z
greeting-cli-q-000,learn-co-students,38002479.0,118123387.0,34105616.23999999,55.44076628352491,9009322.309616018,dead,1367.1688310185186,False,2020-02-02T19:56:53Z
hello-world-ruby-q-000,learn-co-students,36107880.0,110698483.0,29910406.62999995,25.73627025462963,6183293.315096073,dead,1281.2324421296296,False,2020-04-28T18:25:17Z
interpolation-super-power-q-000,learn-co-students,385204.0,249930109.0,370111.76,0.9135023148148149,171244.31350208394,dead,2892.7095949074073,False,2015-11-30T06:58:11Z
intro-to-tdd-rspec-and-learn-q-000,learn-co-students,36357073.0,134038561.0,28257465.67000003,29.739550169159543,6445055.568836765,dead,1551.3722337962963,False,2019-08-02T15:03:59Z
looping-while-until-q-000,learn-co-students,33931406.0,162636066.0,32550738.949999996,32.33296617798354,7467061.226254156,dead,1882.361875,False,2018-09-05T15:18:54Z
oo-barking-dog-q-000,learn-co-students,13923751.0,230788298.0,13045286.659999995,32.74438485939643,3791428.3731955546,dead,2671.1608564814815,False,2016-07-08T20:08:22Z
project-euler-multiples-3-5-q-000,learn-co-students,13622834.0,252221902.0,13571039.84,31.500667438271602,5106556.147833637,dead,2919.234976851852,False,2015-11-03T18:21:38Z
quote-maker-react-lab-online-web-sp-000,learn-co-students,34508411.0,85199250.0,28098936.559999965,16.761615767045456,4969533.797159435,dead,986.1024305555555,False,2021-02-17T21:32:30Z
quote-maker-react-lab-v-000,learn-co-students,34508411.0,81418839.0,28025264.440000035,17.064909488139826,4947397.425154079,dead,942.3476736111111,False,2021-04-02T15:39:21Z
ruby-gets-input-q-000,learn-co-students,17321592.0,198319920.0,16997465.419999998,14.583626871552402,3617108.291729419,dead,2295.3694444444445,False,2017-07-19T15:08:00Z
say-hello-ruby-q-000,learn-co-students,11661823.0,237461926.0,11035700.919999994,32.59119861111111,3294448.921437849,dead,2748.401921296296,False,2016-04-22T14:21:14Z
ttt-10-current-player-q-000,learn-co-students,32116596.0,139470437.0,28100381.35999996,38.87599371693122,7108855.591839445,dead,1614.2411689814815,False,2019-05-31T18:12:43Z
ttt-2-board-rb-q-000,learn-co-students,4061081.0,240652962.0,3901465.7399999993,13.102572530864197,1448968.1854239523,dead,2785.3352083333334,False,2016-03-16T15:57:18Z
ttt-4-display-board-rb-q-000,learn-co-students,8743459.0,228717534.0,7940802.599999997,11.537498802681993,1993788.6440166826,dead,2647.1936805555556,False,2016-08-01T19:21:06Z
ttt-5-move-rb-q-000,learn-co-students,25924492.0,146805845.0,20882530.900000006,23.319556186868688,4731764.713743878,dead,1699.1417245370371,False,2019-03-07T20:35:55Z
ttt-6-position-taken-rb-q-000,learn-co-students,28418236.0,195989811.0,20986265.01999997,16.56723245047373,4721298.886456238,dead,2268.4005902777776,False,2017-08-15T14:23:09Z
ttt-7-valid-move-q-000,learn-co-students,34800199.0,195990755.0,26314630.439999968,24.502938617496806,6462115.214490301,dead,2268.4115162037037,False,2017-08-15T14:07:25Z
ttt-8-turn-q-000,learn-co-students,7168710.0,224408270.0,6316570.530000003,11.927209201388889,1621024.6251750325,dead,2597.317939814815,False,2016-09-20T16:22:10Z
ttt-9-play-loop-q-000,learn-co-students,35500929.0,180432496.0,28334714.65999993,25.330644841269837,6426866.365431312,dead,2088.3390740740742,False,2018-02-11T15:51:44Z
ttt-game-status-q-000,learn-co-students,25398817.0,160642753.0,20794936.74999997,24.232903582930756,4766069.80241375,dead,1859.2911226851852,False,2018-09-28T17:00:47Z
InterviewQuestion,leerduo,39239315.0,221573515.0,38455040.9,151.48558641975308,22647399.562855784,dead,2564.508275462963,False,2016-10-23T11:48:05Z
qianghongbao,lendylongli,14083042.0,239047199.0,13648972.180000002,7.438296506734007,2602287.4479757803,dead,2766.749988425926,False,2016-04-04T06:00:01Z
Qt,lesliefish,15771274.0,112636977.0,10874892.28999996,7.393915831815422,2077898.653884782,dead,1303.6687152777777,False,2020-04-06T07:57:03Z
quiescent,levand,14377065.0,234699885.0,7416218.599999995,7.437443153883972,1919582.0967287924,dead,2716.4338541666666,False,2016-05-24T13:35:15Z
iOS-Developer-Interview-Questions,limboy,19036108.0,241256733.0,14875501.759999983,12.627244572158366,3579717.8410653793,dead,2792.323298611111,False,2016-03-09T16:14:27Z
android_hardware_qcom_audio,LineageOS,12592284.0,52343517.0,1430796.3800000001,1.3343580626486418,410395.0026081853,dead,605.8277430555555,False,2023-10-08T16:03:31Z
android_hardware_qcom_media,LineageOS,19515418.0,43659219.0,3184043.3499999763,2.0787926436417408,963861.2963057595,dead,505.3150347222222,False,2023-10-08T16:04:18Z
qiji-font,LingDong-,32318149.0,69209484.0,21530256.30000003,9.68345338983051,4534892.496123901,dead,801.0356944444444,False,2021-08-21T23:08:36Z
qark,linkedin,16252055.0,144355976.0,5752930.479999972,4.445874210330731,1422581.424835545,dead,1670.7867592592593,False,2019-04-05T05:07:04Z
LiteLoaderQQNT,LiteLoaderQQNT,847138.0,3270001.0,382349.22999999695,0.343669014740315,77535.78355902767,dead,37.847233796296294,True,2024-03-02T05:20:44Z
QQSpider,LiuXingMing,13177518.0,218748397.0,11166992.5,10.412431445868945,2723300.648932525,dead,2531.810150462963,False,2016-11-25T04:33:23Z
QANet,localminimum,6757608.0,171134435.0,5464459.519999999,6.280577300785634,1254375.9092685732,dead,1980.7226273148149,False,2018-05-30T06:39:25Z
quizzler-flutter,londonappbrewery,23364220.0,119508862.0,22570229.04,62.250824074074075,10168559.776417367,dead,1383.2044212962962,False,2020-01-17T19:05:38Z
Quantitative-Notebooks,LongOnly,15162040.0,105147742.0,5444815.009999974,5.245350827261688,1584710.516365478,dead,1216.9877546296295,False,2020-07-02T00:17:38Z
NewQuickAction,lorensiuswlt,13272669.0,365710629.0,13205511.16,82.50513657407407,5731858.5674102865,dead,4232.761909722222,False,2012-03-30T05:42:51Z
NewQuickAction3D,lorensiuswlt,7033736.0,380068774.0,6786744.76,18.357983796296296,3067311.9865792426,dead,4398.944143518518,False,2011-10-16T01:20:26Z
queues,lukaszx0,28978354.0,180994203.0,15829305.800000163,9.681327160493828,3326454.8086351166,dead,2094.8403125,Error,
QuickSnap,macite,8986010.0,259364904.0,7251446.630000005,4.669399305555555,1711041.5978811702,dead,3001.908611111111,False,2015-08-13T02:11:36Z
zepto,madrobby,40680747.0,120123007.0,2947580.2999999947,2.2423200216212256,1325426.4115557368,dead,1390.3125810185186,False,2020-01-10T16:29:52Z
MagicalRecord,magicalpanda,41706944.0,121861272.0,3813034.100000005,3.173352908708154,1742444.176934706,dead,1410.431388888889,False,2019-12-21T13:38:48Z
radiation-hardened-quine,mame,17875431.0,288010934.0,17875431.0,206.8915625,,dead,3333.459884259259,False,2014-09-15T12:57:46Z
css-element-queries,marcj,15630886.0,105005337.0,12389486.220000016,14.876589971796509,2672361.386702516,dead,1215.339548611111,False,2020-07-03T15:51:03Z
qs_ledger,markwk,20718957.0,85810406.0,14956873.359999962,12.916516955266955,3108459.49152496,dead,993.1759953703704,False,2021-02-10T19:46:34Z
react-native-qrcode-scanner-view,MarnoDev,32134350.0,119720428.0,27442758.679999955,28.400446428571428,6317567.588982806,dead,1385.653101851852,False,2020-01-15T08:19:32Z
py-chat-queries,mate-academy,9408749.0,29428680.0,8996461.8,12.185100308641976,2528475.4214776997,dead,340.6097222222222,False,2022-11-25T09:22:00Z
qa_page_object,mate-academy,80923.0,23537398.0,80915.97,0.9325405092592592,497.0960671741429,dead,272.423587962963,verify,2024-01-19T12:40:26Z
jQuery-Seat-Charts,mateuszmarkowski,54968571.0,215805966.0,31108486.860000037,20.862746632996632,7691070.470418015,dead,2497.754236111111,False,2016-12-29T05:53:54Z
snake-ga,maurock,24156561.0,89274662.0,22291889.519999992,28.907551484674332,5708131.148782534,dead,1033.271550925926,False,2021-01-01T17:28:58Z
Stackoverflow-Clone-Frontend,Mayank0255,9280604.0,37208408.0,3988360.6499999957,2.5607599860034456,866354.0352550027,dead,430.65287037037035,False,2022-08-27T08:19:52Z
jQuery,mbielanczuk,9042056.0,288779807.0,6451584.300000015,7.473419108320649,1421618.7693592492,dead,3342.358877314815,Error,
Linux-to-Windows-with-QEMU,mediabots,18721248.0,100106014.0,8221554.400000054,6.402441089263421,2281805.1175443646,dead,1158.6344212962963,False,2020-08-29T08:46:26Z
Qt-Advanced-Docking-System,mfreiholz,6901094.0,221582694.0,3469150.4499999993,2.7026451663527933,814569.0617215179,dead,2564.6145138888887,False,2016-10-23T09:15:06Z
qsforex,mhallsmoore,2691954.0,261851748.0,2685015.18,7.660819128787878,833048.5955312932,dead,3030.691527777778,False,2015-07-15T07:24:12Z
qagnn,michiyasunaga,8218817.0,56075659.0,8093445.979999999,30.603042328042328,3421319.6015812587,dead,649.0238310185185,False,2022-01-20T23:25:41Z
Microsoft-365-Defender-Hunting-Queries,microsoft,7768760.0,53708435.0,2328759.5100000007,1.2429420452353395,481129.20054772735,dead,621.6254050925926,False,2022-02-17T08:59:25Z
mongodb-quickstart-course,mikeckennedy,28021306.0,135845113.0,23427873.330000013,22.29372337962963,5617745.809492674,dead,1572.281400462963,False,2019-07-12T17:14:47Z
quick-picture-viewer,ModuleArt,11870619.0,42449617.0,3163470.0,2.318535287937564,893350.8069609319,dead,491.31501157407405,verify,2023-12-22T13:40:24Z
qksms,moezbhatti,18657341.0,63341125.0,1563399.1000000022,1.0678279675399371,603265.5669364522,dead,733.1148726851852,False,2021-10-28T21:14:35Z
Back-End-Developer-Interview-Questions,monklof,55215496.0,177023419.0,46227716.20000003,38.09372134038801,12103927.489167413,dead,2048.8821643518518,False,2018-03-23T02:49:41Z
jQuery-ajaxTransport-XDomainRequest,MoonScript,21153567.0,273185890.0,17886778.099999994,25.61772335500394,4493294.733414169,dead,3161.8737268518516,False,2015-03-06T03:01:50Z
styled-media-query,morajabi,37609563.0,83953416.0,20837375.940000013,11.116229263117285,4439865.06831197,dead,971.6830555555556,False,2021-03-04T07:36:24Z
PeiQi-WIKI-POC,MornS0,482.0,79884422.0,482.0,0.005578703703703704,,dead,924.5882175925926,False,2021-04-20T09:52:58Z
BrowserQuest,mozilla,7761870.0,364717774.0,1299997.740000008,1.2505532711988303,651007.2328225893,dead,4221.270532407408,False,2012-04-10T17:30:26Z
QueenNilu,Mrkoshitha,138285.0,22539439.0,75246.01999999993,0.04330902777777778,16524.305733143083,dead,260.87313657407407,False,2023-02-13T03:02:41Z
QuickShot,Muddz,14000068.0,69344983.0,13571506.29,11.69360896776406,3290713.2796396636,dead,802.6039699074074,False,2021-08-20T09:30:17Z
quiz-3-im-laravel-juni-2020,muhammadaliyya19,45461.0,104860234.0,44579.3,0.18091435185185184,25841.967320620155,dead,1213.6601157407408,False,2020-07-05T08:09:26Z
PyQt_practice,muziing,10001758.0,37400684.0,2604805.000000007,1.5862050709059365,720629.1081627263,dead,432.878287037037,False,2022-08-25T02:55:16Z
quake_watch,MyOwnClone,11851388.0,36223874.0,11404706.12,29.076263888888892,5228973.393942802,dead,419.25780092592595,False,2022-09-07T17:48:46Z
mysql,mysqljs,24326015.0,51590823.0,3156839.3200000017,2.630094214812125,934317.0629733421,dead,597.1160069444444,False,2022-03-13T21:21:01Z
leetcode_company_wise_questions,MysteryVaibhav,215.0,142634805.0,214.33,0.0021006944444444445,47.37615433949868,dead,1650.8657986111111,False,2019-04-25T03:13:15Z
typeofnan-javascript-quizzes,nas5w,23426480.0,52208601.0,2286941.2400000035,2.2838873091406167,1095501.3994537971,dead,604.2662152777777,False,2022-03-06T17:36:39Z
Quttons,nashvail,5110083.0,255160473.0,3929668.9500000104,1.6163811728395063,720033.9677412527,dead,2953.246215277778,False,2015-09-30T18:05:27Z
storm,nathanmarz,1140218.0,311836007.0,514370.75999999983,0.4642438118421882,101400.15165382161,dead,3609.2130439814814,False,2013-12-13T18:53:13Z
QBImagePicker,nek023,24897927.0,210458263.0,14642895.760000002,11.266345638401559,3220141.549271511,dead,2435.859525462963,False,2017-03-01T03:22:17Z
QBPopupMenu,nek023,36459248.0,268136621.0,30714738.90000003,35.71069595410628,7835903.178258483,dead,3103.433113425926,False,2015-05-03T13:36:19Z
qrious,neocotic,57455936.0,202183554.0,31087971.279999755,15.51318650310895,6299315.022982976,dead,2340.0874305555553,False,2017-06-04T21:54:06Z
falcor,Netflix,8671681.0,78469232.0,2840664.27,1.0425201246732525,488619.6903654259,dead,908.2087037037037,False,2021-05-06T18:59:28Z
Newbe,newbe36524,19916846.0,102462842.0,6383383.289999939,6.3455488878824475,1884509.5801923852,dead,1185.9125231481482,Error,
jwp-qna,next-step,2676596.0,76791564.0,2564951.5000000005,6.022243441358024,1071133.401274074,dead,888.79125,False,2021-05-26T05:00:36Z
quora-clone,NextAcademy,50160131.0,197845710.0,14975075.610000072,9.498594576719578,5536871.979013178,dead,2289.880902777778,False,2017-07-25T02:51:30Z
quill-image-extend-module,NextBoy,33350679.0,138193090.0,27590332.67999995,20.249968055555556,6841492.112323222,dead,1599.4570601851851,False,2019-06-15T13:01:50Z
plaid,nickbutcher,15837117.0,97472595.0,1959223.75,1.4946295207825382,630904.459815191,dead,1128.1550347222221,False,2020-09-28T20:16:45Z
popular-movie-quotes,NikhilNamal17,5462514.0,110464591.0,202690.35000000277,0.1563379837547128,162922.86769776838,dead,1278.5253587962964,False,2020-05-01T11:23:29Z
NLP_Quickbook,NirantK,18822873.0,70221786.0,13501436.520000016,10.666970955998734,2595151.1471569436,dead,812.7521527777777,verify,2024-01-31T06:31:19Z
node-http-proxy,nodejitsu,38152738.0,109045981.0,3112034.1000000057,2.9604610897024193,1396489.9844874796,dead,1262.106261574074,False,2020-05-17T21:26:59Z
vkQuake,Novum,5344811.0,15980453.0,1796196.640000001,1.2716591855737518,386857.2937206028,dead,184.95894675925925,False,2023-04-30T00:59:07Z
nylas-mail,nylas,23333103.0,170732040.0,227110.15999999933,0.19884181467853787,313838.0730092978,dead,1976.0652777777777,False,2018-06-03T22:26:00Z
QMD_Android,OJZen,943238.0,23820964.0,943238.0,10.91710648148148,,dead,275.70560185185184,False,2023-01-29T07:03:56Z
FAANG-Coding-Interview-Questions,ombharatiya,19905464.0,72950881.0,12872811.979999952,6.536387108262108,3186787.2512606313,dead,844.338900462963,False,2021-07-09T15:51:59Z
og-aws,open-guides,16206400.0,37442960.0,3269991.9999999674,2.144699518803145,1009555.1283157723,dead,433.3675925925926,False,2022-08-24T15:10:40Z
plugins-quickstart,openai,1362582.0,12738187.0,1328367.04,6.315122170781892,484883.11818909284,dead,147.4327199074074,verify,2024-01-30T23:23:10Z
quark,OpenGenus,16387625.0,127644959.0,5668525.710000007,3.252516250467639,1507080.0783584737,dead,1477.3722106481482,False,2019-10-15T15:04:01Z
wordpress-quickstart,openshift-evangelists,1098935.0,191008791.0,771590.1800000017,0.5669383982863461,179543.01213876114,dead,2210.7498958333335,False,2017-10-12T06:00:09Z
The-Art-of-Asking-ChatGPT-for-High-Quality-Answers-A-complete-Guide-to-Prompt-Engineering-Technique,ORDINAND,39182.0,19422997.0,38792.24,0.22793981481481482,27560.193903526877,dead,224.80320601851852,False,2023-03-21T04:43:23Z
QLScript2-1,ossfile,139948.0,65093437.0,135395.9,0.24993698559670782,36144.615006502056,dead,753.3962615740741,False,2021-10-08T14:29:23Z
delay-queue,ouqiang,2584015.0,191970830.0,2309407.75,3.693960559116809,614382.2113751028,dead,2221.8846064814816,False,2017-10-01T02:46:10Z
qqwry,out0fmemory,4987551.0,48365320.0,1583916.7799999912,3.862827669290544,431288.49322753446,dead,559.7837962962963,Error,
Front-end-Web-Development-Interview-Question,paddingme,57603998.0,130600357.0,29277318.69999996,10.320740343915345,5462603.47124408,dead,1511.5782060185186,False,2019-09-11T10:07:23Z
RocketQA,PaddlePaddle,7616571.0,28714277.0,6474824.4499999955,9.05017199074074,1600283.552631335,dead,332.3411689814815,False,2022-12-03T15:48:43Z
Queen-X,pakoaaaaaa,1302832.0,23881489.0,756790.7000000014,0.34632772904483433,157042.14480959272,dead,276.4061226851852,False,2023-01-28T14:15:11Z
qqbot,pandolia,28287670.0,100627939.0,4684785.089999991,3.3919932246744464,1869721.072910554,dead,1164.6752199074074,False,2020-08-23T07:47:41Z
qml-material,papyros,4836126.0,232091672.0,1187649.6499999994,1.0267995315067626,312077.69883998204,dead,2686.2462037037035,False,2016-06-23T18:05:53Z
qrcode,PaulKinlan,38151757.0,114512214.0,4014394.950000014,2.1351007491251095,1660068.39535202,dead,1325.3728472222222,False,2020-03-15T15:03:06Z
QuanX,Peng-YM,13191252.0,42908005.0,4070658.1599999876,2.2143448280074267,1008584.4833583442,dead,496.62042824074075,False,2022-06-22T09:06:35Z
Project-Quantum,peng-zhihui,23768366.0,53785184.0,20160416.47999997,26.326540740740743,5148229.441984216,dead,622.5137037037038,False,2022-02-16T11:40:16Z
MPAndroidChart,PhilJay,20295913.0,74515382.0,1782702.2799999968,1.2633878360900777,743391.8179643464,dead,862.446550925926,False,2021-06-21T13:16:58Z
q1k3,phoboslab,1106594.0,66039205.0,1003827.2000000004,1.303816287878788,330545.46407176455,dead,764.342650462963,False,2021-09-27T15:46:35Z
PHPExcel,PHPOffice,32223618.0,152403673.0,2253187.9199999985,2.3961245854063016,1269466.8118715112,dead,1763.931400462963,False,2019-01-02T01:38:47Z
AI-Q2-learning-resources,piaic-official,20645565.0,83182040.0,16907662.0,12.685641915954415,4140717.386257403,dead,962.7550925925926,False,2021-03-13T05:52:40Z
qfc,pindexis,62765915.0,167649921.0,50536739.84000002,29.53945289039039,11218717.3873551,dead,1940.3926041666666,False,2018-07-09T14:34:39Z
jQuery-MD5,placemarker,7546712.0,390821102.0,7231883.04,19.85719007201646,2504763.71323578,dead,4523.392384259259,False,2011-06-13T14:34:58Z
qdao-smartcontract-qdao-locker,platinum-engineering,327874.0,138167867.0,312737.60000000003,0.7026427469135803,131251.51639606556,dead,1599.1651273148148,False,2019-06-15T20:02:13Z
InterviewQuestions,pmwarhade,82009.0,171390745.0,79563.30999999998,0.23894675925925926,40909.86779902049,dead,1983.6891782407408,False,2018-05-27T07:27:35Z
PocketHub,pockethub,11617617.0,112182233.0,1464290.7000000016,0.8839795464255199,439271.8475120157,dead,1298.405474537037,False,2020-04-11T14:16:07Z
polymer,Polymer,12103685.0,44503443.0,522582.2399999994,0.5123138992562433,273181.127991184,dead,515.0861458333334,False,2022-06-03T21:55:57Z
quaint,prisma,4563113.0,16383052.0,1918924.1999999974,1.7024068125387957,382272.24606115394,dead,189.6186574074074,False,2023-04-25T09:09:08Z
ProjectQ,ProjectQ-Framework,9514383.0,20418963.0,7848510.4,8.137665575872635,1605359.807424614,dead,236.3305902777778,verify,2024-01-07T16:05:07Z
trading-bot,pskrunner14,31875567.0,119042320.0,24308324.40000002,17.591601466049383,5853926.528850778,dead,1377.8046296296295,False,2020-01-23T04:41:20Z
pug,pugjs,23943659.0,58517069.0,2035519.3000000084,1.6366164358154345,781658.3658020244,dead,677.2808912037037,False,2021-12-23T17:15:31Z
quasar,puniverse,15941025.0,157544217.0,1013447.1599999968,0.8210802376283223,483363.70617789566,dead,1823.4284375,False,2018-11-03T13:43:03Z
phpQuery,punkave,364.0,376822234.0,364.0,0.004212962962962963,,dead,4361.368449074074,False,2011-11-22T15:09:26Z
QNNPACK,pytorch,7774511.0,131772627.0,4406037.939999978,2.1465217496141973,857581.9946254153,dead,1525.1461458333333,False,2019-08-28T20:29:33Z
QGrid,Q-Mobile,12097189.0,102140116.0,10248722.860000007,12.002106843171296,2346127.967038325,dead,1182.1772685185185,False,2020-08-05T19:44:44Z
qb64,QB64Team,13357089.0,51777162.0,2287919.2399999993,1.492694779278831,596071.9325069133,dead,599.2727083333333,False,2022-03-11T17:27:18Z
QConShanghai2016,QConChina,81980.0,221349294.0,57872.14999999979,0.02637065095398429,11390.373614539072,dead,2561.913125,False,2016-10-26T02:05:06Z
quaterion,qdrant,6468626.0,18201630.0,3032379.739999999,2.6055286022323694,670232.1697022124,dead,210.6670138888889,verify,2023-12-29T12:53:57Z
Seq2Seq_Chatbot_QA,qhduan,18666986.0,169246439.0,17996308.159999993,24.739416203703705,4854345.345043698,dead,1958.8708217592593,False,2018-06-21T03:06:01Z
qiciengine,qiciengine,5101029.0,228138490.0,4585764.670000002,7.492638888888889,1153491.073608819,dead,2640.4917824074073,False,2016-08-08T12:11:50Z
ibm-quantum-challenge-2021,qiskit-community,6148554.0,66326476.0,142442.76000000158,0.2553089602429391,285214.638548999,dead,767.6675462962963,False,2021-09-24T07:58:44Z
qiskit-textbook,qiskit-community,3012063.0,13346735.0,538027.7199999995,0.42169994256844046,137650.1587590914,dead,154.47609953703704,False,2023-05-30T12:34:25Z
qiskit-metapackage,Qiskit,2066522.0,6347913.0,1362772.4799999995,1.6559071810799182,272382.12613923714,dead,73.47121527777777,False,2023-08-19T12:41:27Z
qmlnet,qmlnet,16430531.0,91947374.0,4149039.279999979,2.0546405720527914,1103502.929706461,dead,1064.2057175925927,False,2020-12-01T19:03:46Z
QMUI_iOS_CodeSnippets,QMUI,23131887.0,60609819.0,19733869.800000004,30.71241580794504,4880692.4594944455,dead,701.5025347222222,False,2021-11-29T11:56:21Z
qor-example,qor,38368283.0,100815201.0,1372123.669999997,1.6603437458737706,1228717.3774616632,dead,1166.8426041666667,verify,2024-01-10T09:33:51Z
qq,qq8e,12184067.0,62661734.0,12053871.87,19.43667410714286,4242897.448391453,dead,725.2515509259259,False,2021-11-05T17:57:46Z
qri,qri-io,17454650.0,57466359.0,445129.56999999564,0.5354710061293687,312358.3821463036,dead,665.1198958333333,False,2022-01-04T21:07:21Z
quandl-python,quandl,20984261.0,59797662.0,17572632.930000003,18.939698316247796,3501803.986247988,dead,692.1025694444445,False,2021-12-08T21:32:18Z
QuantBox_XAPI,QuantBox,3888384.0,258744275.0,1487397.879999999,1.930038703113942,377294.88179538865,dead,2994.7254050925926,False,2015-08-20T06:35:25Z
quantecon-notebooks-python,QuantEcon,9155896.0,114449679.0,7929274.81,7.800140285759898,1558280.152056377,dead,1324.6490625,False,2020-03-16T08:25:21Z
quantdigger,QuantFans,36532407.0,110383675.0,6769091.079999954,5.540975406477052,2634854.9164604694,dead,1277.5888310185185,False,2020-05-02T09:52:05Z
qgrid,quantopian,21093062.0,112510991.0,9363625.429999972,4.991528923725706,1710542.7188949,dead,1302.2105439814816,False,2020-04-07T18:56:49Z
QuantSoftwareToolkit,QuantSoftware,59686307.0,222984343.0,3401350.9599999767,2.3107331992122058,1925690.9868059037,dead,2580.8373032407408,False,2016-10-07T03:54:17Z
quasar-framework,quasarframework,9143407.0,140011259.0,1103319.0399999947,1.02694686130446,360772.24768067495,dead,1620.5006828703704,True,2024-03-01T16:38:03Z
quasar-play,quasarframework,5552623.0,147428815.0,3294048.559999995,2.466618141063227,629782.7041969026,dead,1706.352025462963,False,2019-02-28T15:33:05Z
QMBParallaxScrollViewController,quemb,7142258.0,291521500.0,7099920.65,8.144981617647058,1808867.3059232084,dead,3374.091435185185,False,2014-08-05T21:48:20Z
QB,QuickBox,11998842.0,50049939.0,4781149.659999982,1.952694300389445,894003.5609051781,dead,579.2817013888889,False,2022-03-31T17:14:21Z
quickgui,quickemu-project,9344688.0,27091667.0,5161156.4499999825,2.814956968186135,1053808.0666455275,dead,313.5609606481481,False,2022-12-22T10:32:13Z
quiet,quiet,35552868.0,124997322.0,11217162.359999988,5.264575783220497,2609621.624455797,dead,1446.728263888889,False,2019-11-15T06:31:18Z
quiterss,QuiteRSS,22325576.0,58861009.0,1016200.6999999932,0.932118514890649,666591.5168147357,dead,681.2616782407407,False,2021-12-19T17:43:11Z
quokka,quokkaproject,13370476.0,146904149.0,10849728.949999973,6.2199684706257985,1936303.0582460577,dead,1700.2795023148149,False,2019-03-06T17:17:31Z
qupzilla,QupZilla,4000490.0,173813740.0,780686.8399999997,0.5266066143560478,159338.79678279257,dead,2011.7331018518519,False,2018-04-29T06:24:20Z
quran,quran,7269163.0,49787159.0,1713555.1099999966,1.2387971122559653,445804.0022108702,dead,576.2402662037038,Error,
qutip-notebooks,qutip,10856376.0,41950897.0,8568496.120000003,6.62628931359045,1538422.3794362985,dead,485.54278935185187,False,2022-07-03T10:58:23Z
upterm,railsware,14735644.0,140422666.0,589292.5999999994,0.5081617342651293,380019.0805292306,dead,1625.2623379629629,False,2019-05-20T17:42:14Z
qtpylib,ranaroussi,38972565.0,82211331.0,3208913.0700000003,1.969315974939141,1512114.400758136,dead,951.5200347222222,False,2021-03-24T11:31:09Z
Sew-Queen,ravindu01manoj,1618617.0,50350790.0,987772.3599999998,0.9982075678040244,226646.2882808057,dead,582.7637731481482,False,2022-03-28T05:40:10Z
swift-algorithm-club,raywenderlich,18281993.0,57363965.0,1249939.9199999957,0.8573233914184615,492781.59402591287,dead,663.9347800925926,False,2022-01-06T01:33:55Z
quicksand,razorjack,53889080.0,188476698.0,34411166.160000056,24.192398603197212,6894608.403872043,dead,2181.443263888889,False,2017-11-10T13:21:42Z
react-boilerplate,react-boilerplate,13931317.0,143187080.0,1250625.7000000107,1.0440498766280017,589782.9239331392,dead,1657.2578703703705,False,2019-04-18T17:48:40Z
react-toolbox,react-toolbox,12880465.0,139641277.0,765537.7599999937,0.6109144726668213,357985.05787470494,dead,1616.2184837962964,False,2019-05-29T18:45:23Z
RxJS,Reactive-Extensions,10972975.0,198387769.0,721940.9499999877,0.7521568208435515,385982.976696157,dead,2296.154733796296,False,2017-07-18T20:17:11Z
big-companies-interview-questions,realabbas,29506469.0,80318072.0,26778458.749999993,33.61160011574074,7700447.857944968,dead,929.6073148148148,False,2021-04-15T09:25:28Z
reddit,reddit,13224915.0,190610257.0,339620.84000000014,0.42838203901576,269166.73372784205,dead,2206.137233796296,False,2017-10-16T20:46:21Z
redox,redox-os,3722343.0,11325444.0,887909.88,0.7992283753590806,221299.6433043596,dead,131.08152777777778,True,2024-03-01T15:03:28Z
request,request,22279202.0,117332414.0,1627739.4800000319,1.5720876028353168,680084.6052585219,dead,1358.0140509259259,False,2020-02-11T23:39:46Z
requirejs,requirejs,27625236.0,112649568.0,2646622.290000006,2.729371177596275,1269472.0616376624,dead,1303.8144444444445,False,2020-04-06T04:27:12Z
revel,revel,22571363.0,48999990.0,3299728.609999995,2.2978609505947554,946650.6332688057,dead,567.1295138888889,False,2022-04-12T20:53:30Z
CanvasQuery,rezoner,27102656.0,234459867.0,19570162.96999995,12.15452081063907,3503548.8979594354,dead,2713.6558680555554,False,2016-05-27T08:15:33Z
996Quant,Rgveda,5951166.0,86707283.0,5037934.0399999935,4.415071759259259,1336554.1163366653,dead,1003.5565162037037,False,2021-01-31T10:38:37Z
rs-school-short-track-2021-Q2,rkhaslarov,15035558.0,65004473.0,11980329.120000016,8.883121980676329,3121942.2165818536,dead,752.3665856481482,False,2021-10-09T15:12:07Z
rkt,rkt,22796300.0,116243037.0,313310.32999999897,0.39991804191943375,443816.1648647239,dead,1345.4055208333334,False,2020-02-24T14:16:03Z
jQueryGantt,robicch,37584768.0,105035255.0,20172877.710000027,17.09368530919312,4227478.922998232,dead,1215.6858217592592,False,2020-07-03T07:32:25Z
quad-sdk,robomechanics,5537890.0,43575803.0,3791125.739999997,4.533561519418724,790745.4708526424,dead,504.3495717592593,False,2022-06-14T15:36:37Z
QuickStartGuide,robotframework,39246090.0,176703441.0,36658696.56,33.84904154154154,9274889.622445049,dead,2045.1787152777779,False,2018-03-26T19:42:39Z
priority-queue,rolling-scopes-school,51755432.0,127796891.0,50026451.7,104.89797664141413,17683258.162245676,dead,1479.1306828703703,False,2019-10-13T20:51:49Z
rtk-query,rtk-incubator,7409967.0,75690102.0,1675860.1999999988,1.1250095804536595,560488.1121849963,dead,876.0428472222222,False,2021-06-07T22:58:18Z
QuantEcon,rtvt123,44219176.0,164970014.0,2457543.299999999,3.3101377663198313,2579014.8494703434,dead,1909.375162037037,Error,
quicksilver,ryanisaacg,3777409.0,95837620.0,1623752.7600000023,1.4352366652366653,346962.37902477797,dead,1109.231712962963,False,2020-10-17T18:26:20Z
LLDB-QuickLook,ryanolsonk,25804349.0,292794864.0,19668256.039999947,12.356565277777777,5153921.401193393,dead,3388.8294444444446,False,2014-07-22T04:05:36Z
CEH-Exam-Questions,ryh04x,79.0,19540368.0,79.0,0.0009143518518518518,,dead,226.16166666666666,False,2023-03-19T20:07:12Z
satellizer,sahat,1965585.0,221866558.0,493917.40000000165,0.3964662409158568,103052.03499234849,dead,2567.899976851852,False,2016-10-20T02:24:02Z
Android-QuickSideBar,saiwu-bigkoo,21159329.0,206216745.0,19219866.499999996,24.178570601851852,5523605.552858906,dead,2386.7678819444445,False,2017-04-19T05:34:15Z
jQuery-Plugins,SamWM,44579425.0,204483644.0,23878170.40999989,36.54953343968969,6642233.929576,dead,2366.7088425925926,False,2017-05-09T06:59:16Z
QSS-Skin-Builder,satchelwu,611.0,203535632.0,611.0,0.007071759259259259,,dead,2355.7364814814814,False,2017-05-20T06:19:28Z
JMSJobQueueBundle,schmittjoh,18662781.0,105985824.0,15619680.099999994,9.950088950401451,2618966.3818606613,dead,1226.6877777777777,False,2020-06-22T07:29:36Z
Qart,scola,13393053.0,195862778.0,12436003.119999992,9.474903273809524,2617957.6660616323,dead,2266.930300925926,False,2017-08-17T01:40:22Z
quotesbot,scrapy,1801669.0,222007410.0,1747669.9299999995,5.22236400462963,900304.7653916515,dead,2569.530208333333,False,2016-10-18T11:16:30Z
DeepLearning-500-questions,scutan90,11812593.0,64606232.0,2084687.0499999984,0.945814091662306,583162.7578279763,dead,747.7573148148148,False,2021-10-14T05:49:28Z
lets-chat,sdelements,40690096.0,128681172.0,2698730.9399999613,1.8635021996963361,1376419.6439182363,dead,1489.3654166666668,False,2019-10-03T15:13:48Z
AndroidQuick,sdwfqin,13742010.0,45505517.0,4844966.710000005,4.715614777389665,1137765.6684746745,dead,526.684224537037,False,2022-05-23T07:34:43Z
Application-Security-Engineer-Interview-Questions,security-prince,8218291.0,102005897.0,6555208.759999999,5.575813341750841,1571924.8242931196,dead,1180.6238078703705,False,2020-08-07T09:01:43Z
reactjs-interview-questions,semlinker,24106666.0,100022765.0,21302094.209999975,12.566812169312168,4512874.861579717,dead,1157.6708912037036,False,2020-08-30T07:53:55Z
connect,senchalabs,13499710.0,68947080.0,1984433.4000000004,1.1304897610530178,546271.1778928172,dead,797.9986111111111,False,2021-08-25T00:02:00Z
jQTouch,senchalabs,19782392.0,276043252.0,4781376.82,2.973106941161019,1344619.9051145723,dead,3194.9450462962964,False,2015-02-01T01:19:18Z
quaggaJS,serratus,18854012.0,143422618.0,9295167.679999895,5.317472835611637,1651188.1350604356,dead,1659.9840046296297,False,2019-04-16T00:23:02Z
devtraining-createnotes-quebec,ServiceNow,2934645.0,187923563.0,2876051.44,11.344857253086419,1692603.9499662446,dead,2175.0412384259257,False,2017-11-16T23:00:37Z
devtraining-needit-quebec,ServiceNow,4806.0,213321318.0,4806.0,0.055625,,dead,2468.996736111111,False,2017-01-27T00:04:42Z
Qv2ray,Shadowsocks-NET,4788124.0,40569660.0,440812.7799999991,0.383514212576913,176175.54662050528,dead,469.55625,False,2022-07-19T10:42:41Z
libQtShadowsocks,shadowsocks,31280990.0,126072157.0,4634152.29999999,3.176389698264698,1661819.8850020592,dead,1459.1684837962962,False,2019-11-02T19:57:23Z
shadowsocks-qt5,shadowsocks,37322072.0,126072092.0,4883256.499999978,2.9674721851582295,1671383.6626922355,dead,1459.1677314814815,False,2019-11-02T19:58:28Z
shadowsocks-windows,shadowsocks,39009795.0,79377887.0,2085379.2399999993,1.7612590529886323,1017328.9808301931,dead,918.7255439814815,False,2021-04-26T09:07:24Z
react-quick-tutorial,shiningjason,4230699.0,226075134.0,1594685.7499999804,0.8144670348058903,442598.20055433695,dead,2616.610347222222,False,2016-09-01T09:21:06Z
azure-mobile-apps-quickstarts,ShreyashPromact,3591266.0,248650886.0,2908185.9499999993,2.3897750488447165,493176.8807147904,dead,2877.903773148148,False,2015-12-15T02:18:34Z
QA,shuaihuaiyi,33344371.0,158872625.0,22252310.830000076,11.97376461988304,5412928.723617457,dead,1838.8035300925926,False,2018-10-19T04:42:55Z
tensorflow-deepq,siemanko,20147689.0,203132932.0,6632287.459999878,7.0970293674698794,2333939.390757078,dead,2351.075601851852,False,2017-05-24T22:11:08Z
go-qrcode,skip2,31925580.0,106373417.0,30668519.94,40.98054545454546,8347629.735262002,dead,1231.1738078703704,False,2020-06-17T19:51:04Z
SlackTextViewController,slackhq,14850496.0,157957438.0,1372527.4100000013,1.3013921257062147,734702.3166379175,dead,1828.211087962963,False,2018-10-29T18:56:02Z
QA-Snake,SnakeHacker,31473264.0,144242808.0,19376359.03999995,12.039075901559455,4394284.16410368,dead,1669.4769444444444,False,2019-04-06T12:33:12Z
GraphpostgresQL,solidsnack,53832222.0,207937935.0,38449293.24999994,21.04075842335391,9066131.96055723,dead,2406.6890625,False,2017-03-30T07:27:45Z
Malio-Theme-for-SSPANEL-By-GeekQu,sosomoo,3768827.0,104445344.0,296756.4400000003,0.3376948963235796,129666.00461251753,dead,1208.858148148148,False,2020-07-10T03:24:16Z
QuoJS,soyjavi,57313426.0,162862984.0,2871221.1600000355,2.8542423245614037,2553810.5257813483,dead,1884.9882407407408,False,2018-09-03T00:16:56Z
deep_q_rl,spragunr,20318906.0,233817504.0,5384570.120000031,4.114801531817052,1789949.8577340408,dead,2706.221111111111,False,2016-06-03T18:41:36Z
machine-learning-interview-questions,Sroy20,20047652.0,176148901.0,10145414.199999914,5.815933992704826,2538619.2062216084,dead,2038.7604282407408,False,2018-04-02T05:44:59Z
StanfordQuadruped,stanfordroboticsclub,29958932.0,88543913.0,21372263.899999995,11.99587164750958,4363989.125423059,dead,1024.8138078703703,False,2021-01-10T04:28:07Z
Quality-Tools-for-Android,stephanenicolas,6853827.0,306566270.0,3860832.2000000025,1.8421011679292931,704199.9449934573,dead,3548.220717592593,False,2014-02-12T18:42:10Z
GraphQLCasts,StephenGrider,1559381.0,209882344.0,932042.7500000033,0.6004022732668567,210400.17851476217,dead,2429.193796296296,False,2017-03-07T19:20:56Z
android-interview-questions-cn,stormzhang,1389350.0,191175882.0,1062131.0999999994,0.6933457901757689,194651.77030101453,dead,2212.6838194444445,False,2017-10-10T07:35:18Z
jQuery-rwdImageMaps,stowball,95015241.0,222028725.0,83985705.74999997,102.9352611400463,23567097.569342837,dead,2569.776909722222,False,2016-10-18T05:21:15Z
interchain-queries,Stride-Labs,1458104.0,38598476.0,1386691.52,2.6477235623781676,444185.57479604706,dead,446.74162037037036,False,2022-08-11T06:12:04Z
loopback,strongloop,12102620.0,83804337.0,1350755.3000000014,1.1955999683689902,415087.10544304625,dead,969.9576041666667,False,2021-03-06T01:01:03Z
AwesomeQRCode,sumimakito,15992848.0,149190516.0,14067460.119999982,7.856361557340472,2693172.93628898,dead,1726.7420833333333,False,2019-02-08T06:11:24Z
vscode-qq,takayama-lily,5207384.0,59821937.0,3388269.669999998,2.9322828748219374,688562.9966624455,dead,692.3835300925925,False,2021-12-08T14:48:08Z
simple_dqn,tambetm,59718049.0,145967228.0,13872311.599999972,10.544038204009794,5632094.044994743,dead,1689.4355092592593,False,2019-03-17T13:32:52Z
react-query-devtools,tannerlinsley,4222826.0,89262801.0,1919551.3099999977,2.8075525120027436,552387.7494721994,dead,1033.1342708333334,False,2021-01-01T20:46:39Z
QuantumultX-Script,Tartarus2014,10191150.0,64347356.0,9566078.039999997,5.627765239197531,1902388.163586151,dead,744.7610648148149,False,2021-10-17T05:44:04Z
PyQt5-Apps,taseikyo,13667635.0,79267645.0,9138828.970000016,14.542766203703703,2327406.632076364,dead,917.4495949074075,False,2021-04-27T13:12:35Z
quinesnake,taylorconor,1125706.0,141306819.0,1096459.3599999999,3.694748263888889,542321.7360770111,dead,1635.4955902777779,False,2019-05-10T12:06:21Z
Question-Generation-Paper-List,teacherpeterpan,8132001.0,63630630.0,7043090.000000001,10.91905521953405,1704634.9166041797,dead,736.465625,False,2021-10-25T12:49:30Z
project-redux-quiz-old,Technigo,10923937.0,35125275.0,10862017.799999999,17.682013279727098,2578135.7126928978,dead,406.54253472222223,False,2022-09-20T10:58:45Z
quill,techx,12229181.0,104275738.0,10025882.819999997,5.206438002843668,1584396.562724867,dead,1206.8951157407407,False,2020-07-12T02:31:02Z
textmate,textmate,12020811.0,64729239.0,915184.5499999977,0.5892010671634108,311976.66001427715,dead,749.1810069444444,False,2021-10-12T19:43:20Z
qt,therecipe,23580934.0,99595241.0,3411898.359999997,2.4082564777692927,1005726.7295361843,dead,1152.7226967592592,False,2020-09-04T06:39:19Z
vim-quickrun,thinca,13481742.0,41346018.0,6262729.2,4.9095731244064575,1243777.181138652,dead,478.541875,False,2022-07-10T10:59:42Z
starter-solving-problems-with-stacks-and-queues,Thinkful-Ed,243.0,87117044.0,243.0,0.0028125,,dead,1008.2991203703704,False,2021-01-30T05:46:20Z
starter-stacks-queues,Thinkful-Ed,247872.0,87702317.0,246154.28,1.582878086419753,125637.83768170053,dead,1015.073113425926,False,2021-01-19T22:14:43Z
QNASMINI,thunder439,1899332.0,13105371.0,1585063.600000001,1.4785885141093473,417592.19407209667,dead,151.68253472222221,False,2023-06-02T07:37:09Z
awesome-quant,thuquant,23976443.0,85272116.0,23317819.599999998,25.638842762799566,4861003.8269858025,dead,986.945787037037,False,2021-02-17T01:18:04Z
QuickNews,tigerguixh,59365609.0,147546120.0,56046259.210000016,31.81212873931624,11130552.28031581,dead,1707.7097222222221,False,2019-02-27T06:58:00Z
SpringBootQuartz,tjfy1992,7082149.0,186167535.0,6990459.96,18.104673353909465,2825091.3578237947,dead,2154.716840277778,False,2017-12-07T06:47:45Z
qstock,tkfy920,7746.0,14038978.0,7746.0,0.08965277777777778,,dead,162.4881712962963,False,2023-05-22T12:17:02Z
py-apple-quadruped-robot,ToanTech,17436830.0,49134489.0,14147596.399999991,12.347034570431088,2954863.447303835,dead,568.6862152777778,False,2022-04-11T07:31:51Z
QtQuickExample,toby20130333,38370290.0,137162380.0,35672553.39999998,43.86711676954732,9123462.03288782,dead,1587.5275462962964,False,2019-06-27T11:20:20Z
public-apis,toddmotto,2831849.0,51376696.0,732799.159999997,0.4832823731252251,142242.02716489235,dead,594.6376851851852,False,2022-03-16T08:41:44Z
django_quiz,tomwalker,29040267.0,146806221.0,18928927.320000015,8.778653967722743,3345306.258395643,dead,1699.1460763888888,False,2019-03-07T20:29:39Z
torch7,torch,24961616.0,143261272.0,1912643.4000000092,1.9755264471057883,998437.2959009449,dead,1658.1165740740742,False,2019-04-17T21:12:08Z
DynQRs,trendingtechbiz,125.0,56247484.0,125.0,0.0014467592592592592,,dead,651.0125462962963,False,2022-01-18T23:41:56Z
WebQuake,Triang3l,53498457.0,142938877.0,38471841.59999996,18.692258379247015,6827956.9937052345,dead,1654.3851504629629,False,2019-04-21T14:45:23Z
test-your-sysadmin-skills,trimstray,8462821.0,123439409.0,3072621.4000000004,1.6296947583176398,657663.162678698,dead,1428.6968634259258,verify,2024-01-16T18:44:03Z
back-end-developer-interview-questions,tvandame,24731438.0,189615228.0,18521794.109999973,16.334969589687727,4052985.9790953486,dead,2194.6206944444443,False,2017-10-28T09:06:12Z
ratchet,twbs,4814312.0,240244192.0,1640987.5199999986,0.8808966804992985,353642.22469490976,dead,2780.604074074074,False,2016-03-21T09:30:15Z
SDE-Interview-Questions,twowaits,28546631.0,63314197.0,9219548.500000026,4.001918228850435,2158088.1231067334,dead,732.8032060185185,False,2021-10-29T04:43:23Z
elementQuery,tysonmatanich,14826.0,326628349.0,14552.32,0.0640432098765432,8051.724370178934,dead,3780.4207060185186,False,2013-06-25T13:54:11Z
umi-plugin-qiankun,umijs,25467087.0,56109608.0,7449471.39999995,5.509491188356865,2182606.7648283537,dead,649.4167592592593,False,2022-01-20T13:59:52Z
pm2,Unitech,6676338.0,17424676.0,925820.3999999999,0.7232702677161853,269740.8507502243,dead,201.67449074074074,verify,2024-01-20T13:19:56Z
quantium-starter-repo,vagabond-systems,715640.0,53889992.0,708490.33,4.145329861111111,505558.0140246023,dead,623.7267592592592,False,2022-02-15T06:33:28Z
quicktemplate,valyala,31263810.0,67109330.0,10705030.139999991,7.674399116321645,2869931.237667846,dead,776.7283564814815,False,2021-09-15T06:31:10Z
jQuery-Form-Validator,victorjonsson,14176426.0,149701840.0,6127707.949999988,4.217144536126717,1260673.7670293178,dead,1732.6601851851851,False,2019-02-02T08:09:20Z
syntastic,vim-syntastic,10942024.0,41338875.0,2645094.6799999974,1.7747946218414679,549946.9812110553,dead,478.4592013888889,False,2022-07-10T12:58:45Z
vb-android-app-quality,vincentbrison,28490037.0,209402056.0,10382009.0,8.106683476631394,2919550.0013534185,dead,2423.6349074074074,False,2017-03-13T08:45:44Z
QQrobot,vipjeffreylee,249736.0,316114559.0,244133.6,0.5296555335097002,80763.56144939669,dead,3658.733321759259,False,2013-10-25T06:24:01Z
qwx,vipjeffreylee,64289.0,281879258.0,59744.900000000016,0.13273463804713806,18440.02031501543,dead,3262.491412037037,False,2014-11-25T04:15:07Z
vlc-qt,vlc-qt,27486958.0,196872549.0,4858318.200000007,5.057414137603398,1502895.0980877837,dead,2278.6174652777777,False,2017-08-05T13:18:14Z
nuklear,vurtun,7561503.0,123555485.0,1031559.3000000074,1.0136039204385565,327866.7492505537,dead,1430.0403356481481,False,2019-12-01T23:01:55Z
Modern_GUI_PyDracula_PySide6_or_PyQt6,Wanderson-Magalhaes,1770209.0,78051908.0,1708343.1399999997,5.764363425925926,635077.8964003437,dead,903.3785648148148,False,2021-05-11T14:54:52Z
PyOneDark_Qt_Widgets_Modern_GUI,Wanderson-Magalhaes,3879266.0,71062627.0,2804855.6000000043,2.864211516203704,672128.2362560206,dead,822.4841087962963,False,2021-07-31T12:22:53Z
JavaScript-Quiz-App,WebDevSimplified,4467.0,138765313.0,4467.0,0.05170138888888889,,dead,1606.080011574074,False,2019-06-08T22:04:47Z
QrAndBarcodeScanner,wewewe718,13716193.0,49630261.0,3244320.59999999,2.17889609896782,911798.4001980459,dead,574.4243171296297,False,2022-04-05T13:48:59Z
QA-deep-learning,white127,45446128.0,162505167.0,26467811.199999955,13.558606177899211,6063340.573398312,dead,1880.8468402777778,False,2018-09-07T03:40:33Z
quest-java-collection1,WildCodeSchool,22869130.0,123952642.0,22869130.0,264.6890046296296,,dead,1434.6370601851852,False,2019-11-27T08:42:38Z
quest-java-oop3,WildCodeSchool,30631236.0,124044366.0,27764753.300000012,36.79047138047138,9129194.367533842,dead,1435.6986805555555,False,2019-11-26T07:13:54Z
quest-spring-jpa-hibernate,WildCodeSchool,16978.0,125213041.0,16831.15,0.11152199074074073,10383.86308172445,dead,1449.2250115740742,False,2019-11-12T18:35:59Z
quest-spring-jpa-manytomany,WildCodeSchool,4433073.0,119356984.0,4345512.4399999995,17.330524691358026,2542532.680066145,dead,1381.446574074074,False,2020-01-19T13:16:56Z
quest-spring-jpa-onetomany,WildCodeSchool,4094109.0,119356939.0,3963276.4,11.609456018518518,1761614.6541475805,dead,1381.4460532407406,False,2020-01-19T13:17:41Z
WizQTClient,WizTeam,12595011.0,83893469.0,1301094.3600000003,0.9555134279300945,448386.6813049303,dead,970.989224537037,False,2021-03-05T00:15:31Z
qrcode_scanner,wu9007,17133391.0,39083580.0,16696006.389999986,12.402679713804714,3170378.6179135316,dead,452.35625,False,2022-08-05T15:27:00Z
chatgpt-query-engineer-handbook,wuchangming,2175901.0,25799160.0,1105656.820000004,0.5707594373219373,301135.2326063956,dead,298.6013888888889,False,2023-01-06T09:34:00Z
GoogleLibraryVersionQuerier,wuyr,4783916.0,103367425.0,3415201.759999999,2.393315796857464,831743.0160344796,dead,1196.3822337962963,False,2020-07-22T14:49:35Z
LeadQualifier,xeneta,9082970.0,219485551.0,8050218.720000005,7.2237791867954915,2056047.806131393,dead,2540.3420254629627,False,2016-11-16T15:51:43Z
qqbot,xhan,14430282.0,243289696.0,9644358.979999995,3.62170343453919,1586754.853349977,dead,2815.852962962963,False,2016-02-15T03:31:44Z
SmallAppForQQ,xiehui999,10540733.0,199045950.0,8900807.719999993,5.080480831708901,1730072.7482251297,dead,2303.7725694444443,False,2017-07-11T05:27:30Z
qspectrumanalyzer,xmikos,19376319.0,205468651.0,16417295.099999974,7.286083569101509,2805452.013463827,dead,2378.109386574074,False,2017-04-27T21:22:29Z
jQuery-Tags-Input,xoxco,38403479.0,264719617.0,25861766.200000007,13.704243410076742,4976932.765866249,dead,3063.8844560185184,False,2015-06-12T02:46:23Z
Trojan-Qt5,xswvfr,262.0,102800653.0,261.53,0.0027604166666666667,33.23401871576773,dead,1189.8223726851852,False,2020-07-29T04:15:47Z
quizXue,xyy261,326321.0,139055648.0,320088.14999999997,0.7332357804232804,103844.52309450545,dead,1609.4403703703704,False,2019-06-05T13:25:52Z
qrpicture,xyzzy,16764640.0,82012153.0,10734429.969999991,5.625385706018519,2649111.81163229,dead,949.2147337962963,verify,2024-01-27T19:52:24Z
medium-editor,yabwe,30833036.0,102428280.0,1332210.709999996,1.000676964058524,773769.3568685337,dead,1185.5125,False,2020-08-02T11:42:00Z
QuickGraph,YaccConstructor,40437020.0,121178323.0,5619407.510000022,3.7677399597259864,2063721.4619960955,dead,1402.526886574074,False,2019-12-29T11:21:17Z
MovieQuiz-ios,Yandex-Practicum,9894434.0,22423166.0,9740083.700000001,45.6757349537037,3817388.913479985,dead,259.52738425925924,False,2023-02-14T11:20:34Z
QuantumultX,yangtingxiao,688477.0,86982284.0,206351.9000000013,0.26077951682647116,49755.24947091218,dead,1006.7393981481481,False,2021-01-28T06:15:16Z
quadratic-equation,yankouskia,93818.0,179660230.0,92954.18,0.4648640046296296,46834.16261928892,dead,2079.400810185185,False,2018-02-20T14:22:50Z
QRCodeReader,yannickl,29754445.0,79239281.0,11730866.750000067,9.030873363965469,2671870.4308056473,dead,917.1213078703704,Error,
QRCodeReaderViewController,yannickl,24079829.0,153452807.0,11930062.529999992,17.836353395061728,3439826.2993757282,dead,1776.0741550925925,False,2018-12-20T22:13:13Z
Keras-FlappyBird,yanpanlau,23280757.0,175964085.0,23026467.159999996,48.5314983974359,8306556.030471159,dead,2036.6213541666666,False,2018-04-04T09:05:15Z
Chinese-LangChain,yanqiangmiffy,2284671.0,14304281.0,935599.3600000056,0.5094222148736037,287584.0203918142,dead,165.55880787037037,False,2023-05-19T10:35:19Z
QQBubbleView,Yasic,33645.0,233864035.0,30758.380000000016,0.054885223765432097,9331.468075655068,dead,2706.759664351852,False,2016-06-03T05:46:05Z
DeepLearningFlappyBird,yenchenlin,38460581.0,172059057.0,32161967.569999997,13.71368155332056,6144837.696582073,dead,1991.4242708333334,False,2018-05-19T13:49:03Z
yeoman,yeoman,47106904.0,103312234.0,4679620.240000041,2.725914268359884,2005610.7011865894,dead,1195.743449074074,False,2020-07-23T18:00:52Z
weapp-qrcode,yingye,9485596.0,153088237.0,7866666.969999991,4.427362675175175,1457017.1624328117,dead,1771.8545949074073,False,2018-12-25T03:29:23Z
SmartQQBot,Yinzo,31401981.0,148940192.0,8923484.380000012,6.181388418692129,2630461.138218357,dead,1723.8448148148148,False,2019-02-11T03:43:28Z
QQ-History-Backup,Yiyiyimu,19357667.0,45971964.0,18217230.799999997,19.91507836217365,4146290.447875327,dead,532.0829166666666,False,2022-05-17T22:00:36Z
Angular-Interview-Questions,Yonet,25637706.0,86905025.0,9236744.0,7.801601771236411,2594819.020236203,dead,1005.8451967592592,False,2023-11-08T15:45:24Z
QuestionAnsweringSystem,ysc,40036690.0,163940562.0,12378213.669999994,8.157347247659748,3498800.511211094,dead,1897.4602083333334,False,2018-08-21T12:57:18Z
QCoolPage,YYC572652645,15306174.0,73481162.0,15049028.799999999,14.073404306429072,3445892.9244359764,dead,850.476412037037,False,2021-07-03T12:33:58Z
rinha-de-backend-2023-q3,zanfranceschi,158519.0,5590538.0,66546.36000000002,0.04038918819094198,12088.404648245196,dead,64.70530092592593,False,2023-08-28T07:04:22Z
QQRobot,zeruniverse,35938314.0,202511030.0,7617106.779999997,7.630873615649964,3731387.0096418825,dead,2343.877662037037,False,2017-06-01T02:56:10Z
QASystemOnMedicalGraph,zhihao-chen,5260996.0,140123163.0,4919143.319999998,8.98447337962963,1491984.0117978037,dead,1621.7958680555555,False,2019-05-24T04:53:57Z
AiQiangGUO,zhuxuedefeng,8192130.0,77047176.0,7539664.0799999945,12.13048611111111,2297861.242298042,dead,891.7497222222222,False,2021-05-23T06:00:24Z
awesome-php,ziadoz,9841058.0,40185453.0,3449589.049999998,2.4470830968260726,679612.7885810207,dead,465.1094097222222,True,2024-03-03T18:53:00Z
Datascience-Interview-Questions,zzsza,27535833.0,125681576.0,24856218.360000003,33.10756883528265,7045286.228826797,dead,1454.6478703703704,False,2019-11-07T08:27:04Z
